
--- Startup times for process: Primary (or UI client) ---

times in msec
 clock   self+sourced   self:  sourced script
 clock   elapsed:              other lines

000.006  000.006: --- NVIM STARTING ---
000.122  000.116: event init
000.260  000.139: early init
000.266  000.006: locale set
000.341  000.074: init first window
000.938  000.598: inits 1
000.965  000.027: window checked
000.969  000.004: parsing arguments
002.723  000.928  000.928: require('vim._core.shared')
004.086  000.007  000.007: require('string.buffer')
004.144  000.397  000.390: require('vim.inspect')
004.675  000.498  000.498: require('vim._core.options')
004.680  001.950  001.056: require('vim._core.editor')
005.041  000.359  000.359: require('vim._core.system')
005.046  003.387  000.149: require('vim._init_packages')
005.049  000.693: init lua interpreter
008.019  002.970: nvim_ui_attach
008.423  000.404: nvim_set_client_info
008.426  000.003: --- NVIM STARTED ---

--- Startup times for process: Embedded ---

times in msec
 clock   self+sourced   self:  sourced script
 clock   elapsed:              other lines

000.007  000.007: --- NVIM STARTING ---
000.139  000.132: event init
000.269  000.130: early init
000.276  000.007: locale set
000.361  000.086: init first window
000.914  000.552: inits 1
000.938  000.025: window checked
000.944  000.006: parsing arguments
002.675  000.921  000.921: require('vim._core.shared')
004.134  000.008  000.008: require('string.buffer')
004.198  000.414  000.406: require('vim.inspect')
004.729  000.497  000.497: require('vim._core.options')
004.734  002.051  001.140: require('vim._core.editor')
005.040  000.304  000.304: require('vim._core.system')
005.043  003.431  000.155: require('vim._init_packages')
005.047  000.672: init lua interpreter
005.352  000.305: expanding arguments
005.393  000.041: inits 2
005.754  000.361: init highlight
005.757  000.002: waiting for UI
005.967  000.210: done waiting for UI
005.975  000.007: clear screen
007.242  000.080  000.080: require('vim.keymap')
008.343  000.204  000.204: sourcing nvim_exec2()
008.432  000.047  000.047: require('vim._core.log')
009.779  003.796  003.465: require('vim._core.defaults')
009.790  000.019: init default mappings & autocommands
011.891  000.093  000.093: sourcing /data/data/com.termux/files/usr/share/nvim/runtime/ftplugin.vim
011.999  000.040  000.040: sourcing /data/data/com.termux/files/usr/share/nvim/runtime/indent.vim
012.099  000.036  000.036: sourcing $VIM/sysinit.vim
013.297  000.574  000.574: require('vim.fs')
014.043  000.739  000.739: require('vim.uri')
014.098  001.904  000.591: require('vim.loader')
015.950  001.390  001.390: require('config.options')
016.406  000.452  000.452: require('lazy')
017.048  000.180  000.180: require('utility.highlight')
017.060  000.564  000.384: require('config.colorscheme')
017.063  000.650  000.086: require('utility.colorscheme')
017.122  000.023  000.023: require('ffi')
017.231  000.103  000.103: require('lazy.stats')
017.414  000.143  000.143: require('lazy.core.util')
017.590  000.171  000.171: require('lazy.core.config')
018.039  000.255  000.255: require('lazy.core.handler')
018.697  000.214  000.214: require('lazy.pkg')
018.708  000.418  000.204: require('lazy.core.meta')
018.718  000.674  000.256: require('lazy.core.plugin')
018.732  001.139  000.211: require('lazy.core.loader')
019.493  000.192  000.192: require('lazy.core.fragments')
021.151  000.122  000.122: require('config.icons')
025.046  000.167  000.167: require('vim.F')
025.422  000.896  000.729: require('vim.diagnostic')
028.999  000.116  000.116: require('lazy.core.handler.event')
029.074  000.067  000.067: require('lazy.core.handler.keys')
029.125  000.049  000.049: require('lazy.core.handler.ft')
029.195  000.066  000.066: require('lazy.core.handler.cmd')
029.995  000.018  000.018: sourcing nvim_exec2() called at /data/data/com.termux/files/home/.config/nvim/init.lua:0
030.020  000.002  000.002: sourcing nvim_exec2() called at /data/data/com.termux/files/home/.config/nvim/init.lua:0
030.057  000.002  000.002: sourcing nvim_exec2() called at /data/data/com.termux/files/home/.config/nvim/init.lua:0
030.070  000.002  000.002: sourcing nvim_exec2() called at /data/data/com.termux/files/home/.config/nvim/init.lua:0
030.089  000.002  000.002: sourcing nvim_exec2() called at /data/data/com.termux/files/home/.config/nvim/init.lua:0
030.102  000.002  000.002: sourcing nvim_exec2() called at /data/data/com.termux/files/home/.config/nvim/init.lua:0
032.249  000.069  000.069: require('multicursor-nvim.feedkeys-manager')
032.602  000.099  000.099: require('multicursor-nvim.term-codes')
032.687  000.081  000.081: require('multicursor-nvim.tbl')
032.798  000.109  000.109: require('multicursor-nvim.util')
032.904  000.102  000.102: require('multicursor-nvim.langmap')
032.953  000.699  000.307: require('multicursor-nvim.cursor-manager')
033.196  000.110  000.110: require('multicursor-nvim.keymap-manager')
033.297  000.097  000.097: require('multicursor-nvim.snippet-manager')
033.360  000.405  000.198: require('multicursor-nvim.input-manager')
033.368  001.307  000.134: require('multicursor-nvim.core')
033.692  000.068  000.068: sourcing nvim_exec2() called at /data/data/com.termux/files/home/.config/nvim/init.lua:0
033.711  000.341  000.274: require('multicursor-nvim.examples')
033.767  003.382  001.734: require('multicursor-nvim')
035.936  000.090  000.090: sourcing nvim_exec2() called at /data/data/com.termux/files/usr/share/nvim/runtime/filetype.lua:0
035.942  000.229  000.139: sourcing /data/data/com.termux/files/usr/share/nvim/runtime/filetype.lua
035.947  000.340  000.111: sourcing nvim_exec2() called at /data/data/com.termux/files/home/.config/nvim/init.lua:0
036.211  000.005  000.005: sourcing nvim_exec2() called at /data/data/com.termux/files/home/.config/nvim/init.lua:0
036.230  000.002  000.002: sourcing nvim_exec2() called at /data/data/com.termux/files/home/.config/nvim/init.lua:0
036.735  000.110  000.110: require('tairiki.config')
036.740  000.504  000.394: require('tairiki')
037.102  000.113  000.113: require('tairiki.palette')
037.368  000.139  000.139: require('tairiki.util')
037.494  000.367  000.228: require('tairiki.palette.dimmed')
037.653  000.126  000.126: require('tairiki.groups')
037.746  000.079  000.079: require('tairiki.groups.cmp')
037.865  000.114  000.114: require('tairiki.groups.kinds')
038.037  000.102  000.102: require('tairiki.groups.semantic_tokens')
038.167  000.075  000.075: require('tairiki.groups.mini')
038.241  000.070  000.070: require('tairiki.groups.fugitive')
038.332  000.072  000.072: require('tairiki.groups.compile_mode')
038.409  000.062  000.062: require('tairiki.groups.blink')
038.523  000.091  000.091: require('tairiki.groups.vim_syntax')
038.631  000.074  000.074: require('tairiki.groups.gitgutter')
038.697  000.062  000.062: require('tairiki.groups.oil')
038.770  000.070  000.070: require('tairiki.groups.hop')
038.878  000.076  000.076: require('tairiki.groups.which_key')
038.954  000.068  000.068: require('tairiki.groups.rainbow_delimiters')
039.061  000.102  000.102: require('tairiki.groups.treesitter')
039.197  000.085  000.085: require('tairiki.groups.telescope')
039.297  000.097  000.097: require('tairiki.groups.neotest')
039.613  000.298  000.298: require('tairiki.groups.indent_blankline')
039.885  000.216  000.216: require('tairiki.groups.nvim_tree')
040.152  000.198  000.198: require('tairiki.groups.treesitter_context')
040.297  000.142  000.142: require('tairiki.groups.barbar')
040.456  000.150  000.150: require('tairiki.groups.neotree')
040.705  000.209  000.209: require('tairiki.groups.neovim')
040.912  000.060  000.060: require('tairiki.groups.gitsigns')
040.965  000.049  000.049: require('tairiki.groups.dashboard')
041.017  000.049  000.049: require('tairiki.groups.diffview')
042.158  000.012  000.012: sourcing nvim_exec2() called at /data/data/com.termux/files/home/.config/nvim/init.lua:0
042.172  000.002  000.002: sourcing nvim_exec2() called at /data/data/com.termux/files/home/.config/nvim/init.lua:0
043.124  000.581  000.581: require('vim.lsp.protocol')
043.182  000.701  000.120: require('vim.lsp.log')
043.408  000.222  000.222: require('vim.lsp.util')
043.624  000.057  000.057: require('vim.lsp.sync')
043.631  000.168  000.111: require('vim.lsp._changetracking')
043.770  000.063  000.063: require('vim.lsp._transport')
043.859  000.086  000.086: require('vim._core.stringbuffer')
043.918  000.284  000.135: require('vim.lsp.rpc')
043.977  001.640  000.265: require('vim.lsp')
044.182  000.202  000.202: require('vim.lsp._snippet_grammar')
044.197  001.988  000.146: require('vim.snippet')
044.552  000.011  000.011: sourcing nvim_exec2() called at /data/data/com.termux/files/home/.config/nvim/init.lua:0
044.565  000.002  000.002: sourcing nvim_exec2() called at /data/data/com.termux/files/home/.config/nvim/init.lua:0
044.901  000.321  000.321: require('mini.notify')
045.255  000.057  000.057: sourcing /data/data/com.termux/files/usr/share/nvim/runtime/plugin/editorconfig.lua
045.261  000.124  000.067: sourcing nvim_exec2() called at /data/data/com.termux/files/home/.config/nvim/init.lua:0
046.070  000.711  000.711: sourcing /data/data/com.termux/files/usr/share/nvim/runtime/plugin/fzf.vim
046.076  000.760  000.049: sourcing nvim_exec2() called at /data/data/com.termux/files/home/.config/nvim/init.lua:0
046.188  000.067  000.067: sourcing /data/data/com.termux/files/usr/share/nvim/runtime/plugin/man.lua
046.192  000.107  000.040: sourcing nvim_exec2() called at /data/data/com.termux/files/home/.config/nvim/init.lua:0
046.295  000.069  000.069: sourcing /data/data/com.termux/files/usr/share/nvim/runtime/plugin/net.lua
046.299  000.100  000.032: sourcing nvim_exec2() called at /data/data/com.termux/files/home/.config/nvim/init.lua:0
046.384  000.052  000.052: sourcing /data/data/com.termux/files/usr/share/nvim/runtime/plugin/osc52.lua
046.388  000.081  000.029: sourcing nvim_exec2() called at /data/data/com.termux/files/home/.config/nvim/init.lua:0
046.513  000.093  000.093: sourcing /data/data/com.termux/files/usr/share/nvim/runtime/plugin/shada.lua
046.519  000.126  000.034: sourcing nvim_exec2() called at /data/data/com.termux/files/home/.config/nvim/init.lua:0
046.596  000.043  000.043: sourcing /data/data/com.termux/files/usr/share/nvim/runtime/plugin/spellfile.lua
046.600  000.077  000.034: sourcing nvim_exec2() called at /data/data/com.termux/files/home/.config/nvim/init.lua:0
046.783  000.076  000.076: require('config.usercmds')
046.859  000.073  000.073: require('config.autocmds')
047.019  000.048  000.048: require('utility.lazy')
047.452  000.591  000.543: require('config.keymaps')
047.455  033.329  015.763: require('config.lazy')
047.783  000.325  000.325: require('vim._core.ui2')
047.923  000.114  000.114: require('vim._core.ui2.cmdline')
048.341  000.416  000.416: require('vim._core.ui2.messages')
048.439  036.298  000.211: sourcing /data/data/com.termux/files/home/.config/nvim/init.lua
048.454  002.197: sourcing vimrc file(s)
048.624  000.052  000.052: sourcing /data/data/com.termux/files/usr/share/nvim/runtime/filetype.lua
048.902  000.096  000.096: sourcing /data/data/com.termux/files/usr/share/nvim/runtime/syntax/synload.vim
049.000  000.312  000.216: sourcing /data/data/com.termux/files/usr/share/nvim/runtime/syntax/syntax.vim
049.018  000.201: inits 3
052.239  003.221: reading ShaDa
052.296  000.056: opening buffers
052.377  000.081: BufEnter autocommands
052.381  000.004: editing files in windows
052.847  000.008  000.008: sourcing nvim_exec2() called at VimEnter Autocommands for "*":0
052.861  000.002  000.002: sourcing nvim_exec2() called at VimEnter Autocommands for "*":0
053.379  000.061  000.061: require('persistence.config')
053.387  000.325  000.264: require('persistence')
053.483  000.005  000.005: sourcing nvim_exec2() called at VimEnter Autocommands for "*":0
053.495  000.002  000.002: sourcing nvim_exec2() called at VimEnter Autocommands for "*":0
053.676  000.169  000.169: require('alpha.themes.dashboard')
053.741  000.055  000.055: sourcing nvim_exec2() called at VimEnter Autocommands for "*":0
053.752  000.003  000.003: sourcing nvim_exec2() called at VimEnter Autocommands for "*":0
053.758  000.002  000.002: sourcing nvim_exec2() called at VimEnter Autocommands for "*":0
053.764  000.002  000.002: sourcing nvim_exec2() called at VimEnter Autocommands for "*":0
053.771  000.002  000.002: sourcing nvim_exec2() called at VimEnter Autocommands for "*":0
053.777  000.002  000.002: sourcing nvim_exec2() called at VimEnter Autocommands for "*":0
053.783  000.002  000.002: sourcing nvim_exec2() called at VimEnter Autocommands for "*":0
053.790  000.002  000.002: sourcing nvim_exec2() called at VimEnter Autocommands for "*":0
053.994  000.188  000.188: require('alpha')
057.117  000.216  000.216: require('vim.version')
060.247  006.881: VimEnter autocommands
060.451  000.006  000.006: sourcing nvim_exec2() called at UIEnter Autocommands for "*":0
060.467  000.002  000.002: sourcing nvim_exec2() called at UIEnter Autocommands for "*":0
061.192  000.188  000.188: require('heirline.utils')
061.305  000.109  000.109: require('heirline.highlights')
061.318  000.447  000.150: require('heirline.statusline')
061.324  000.842  000.395: require('heirline')
061.568  000.121  000.121: require('utility.line')
062.172  000.007  000.007: sourcing nvim_exec2() called at UIEnter Autocommands for "*":0
062.189  000.002  000.002: sourcing nvim_exec2() called at UIEnter Autocommands for "*":0
065.476  003.200  003.200: require('mini.icons')
065.687  004.115  000.907: require('mini.icons')
065.698  004.372  000.136: require('config.plugin-heirline')
066.299  000.069  000.069: sourcing /data/data/com.termux/files/home/.local/share/nvim/lazy/tiny-cmdline.nvim/plugin/tiny-cmdline.lua
066.307  000.175  000.106: sourcing nvim_exec2() called at UIEnter Autocommands for "*":0
066.319  000.005  000.005: sourcing nvim_exec2() called at UIEnter Autocommands for "*":0
066.348  000.002  000.002: sourcing nvim_exec2() called at UIEnter Autocommands for "*":0
066.725  000.356  000.356: require('tiny-cmdline')
067.080  000.225  000.225: require('config.highlight')
067.592  000.755  000.530: sourcing nvim_exec2() called at UIEnter Autocommands for "*":0
067.608  000.846: UIEnter autocommands
068.154  000.411  000.411: sourcing /data/data/com.termux/files/usr/share/nvim/runtime/autoload/provider/clipboard.vim
068.171  000.153: before starting main loop
069.304  001.133: first screen update
069.306  000.003: --- NVIM STARTED ---

--- Startup times for process: Embedded ---

times in msec
 clock   self+sourced   self:  sourced script
 clock   elapsed:              other lines

000.006  000.006: --- NVIM STARTING ---
000.161  000.154: event init
000.304  000.143: early init
000.311  000.007: locale set
000.385  000.073: init first window
002.003  001.618: inits 1
002.202  000.199: window checked
002.216  000.014: parsing arguments
004.089  001.028  001.028: require('vim._core.shared')
005.470  000.008  000.008: require('string.buffer')
005.558  000.435  000.426: require('vim.inspect')
006.096  000.503  000.503: require('vim._core.options')
006.102  002.002  001.064: require('vim._core.editor')
006.413  000.309  000.309: require('vim._core.system')
006.416  003.508  000.169: require('vim._init_packages')
006.420  000.697: init lua interpreter
007.170  000.749: expanding arguments
007.217  000.047: inits 2
007.597  000.381: init highlight
007.600  000.003: waiting for UI
130.498  122.897: done waiting for UI
130.522  000.024: clear screen
132.177  000.095  000.095: require('vim.keymap')
135.234  000.906  000.906: sourcing nvim_exec2()
135.611  000.231  000.231: require('vim._core.log')
142.678  012.131  010.899: require('vim._core.defaults')
142.688  000.034: init default mappings & autocommands
144.356  000.335  000.335: sourcing /data/data/com.termux/files/usr/share/nvim/runtime/ftplugin.vim
144.930  000.248  000.248: sourcing /data/data/com.termux/files/usr/share/nvim/runtime/indent.vim
145.707  000.283  000.283: sourcing $VIM/sysinit.vim
147.028  000.612  000.612: require('vim.fs')
148.717  001.680  001.680: require('vim.uri')
148.788  002.943  000.651: require('vim.loader')
152.929  002.780  002.780: require('config.options')
153.941  001.004  001.004: require('lazy')
157.376  000.822  000.822: require('utility.highlight')
157.392  002.637  001.815: require('config.colorscheme')
157.395  003.447  000.810: require('utility.colorscheme')
157.454  000.021  000.021: require('ffi')
158.101  000.639  000.639: require('lazy.stats')
158.803  000.654  000.654: require('lazy.core.util')
159.376  000.568  000.568: require('lazy.core.config')
160.615  000.596  000.596: require('lazy.core.handler')
162.356  000.511  000.511: require('lazy.pkg')
162.371  001.155  000.644: require('lazy.core.meta')
162.381  001.760  000.605: require('lazy.core.plugin')
162.395  003.012  000.656: require('lazy.core.loader')
163.784  000.728  000.728: require('lazy.core.fragments')
172.602  000.706  000.706: require('config.icons')
187.882  000.208  000.208: require('vim.F')
188.409  001.961  001.753: require('vim.diagnostic')
192.758  000.542  000.542: require('lazy.core.handler.event')
193.213  000.443  000.443: require('lazy.core.handler.cmd')
193.619  000.397  000.397: require('lazy.core.handler.ft')
194.148  000.521  000.521: require('lazy.core.handler.keys')
197.230  000.505  000.505: require('multicursor-nvim.feedkeys-manager')
198.492  000.442  000.442: require('multicursor-nvim.term-codes')
198.922  000.424  000.424: require('multicursor-nvim.tbl')
199.407  000.480  000.480: require('multicursor-nvim.util')
199.856  000.442  000.442: require('multicursor-nvim.langmap')
199.921  002.683  000.895: require('multicursor-nvim.cursor-manager')
200.961  000.454  000.454: require('multicursor-nvim.keymap-manager')
201.433  000.466  000.466: require('multicursor-nvim.snippet-manager')
201.519  001.595  000.674: require('multicursor-nvim.input-manager')
201.527  005.394  000.612: require('multicursor-nvim.core')
202.311  000.057  000.057: sourcing nvim_exec2() called at /data/data/com.termux/files/home/.config/nvim/init.lua:0
202.344  000.815  000.758: require('multicursor-nvim.examples')
202.408  007.945  001.735: require('multicursor-nvim')
204.377  000.015  000.015: sourcing nvim_exec2() called at /data/data/com.termux/files/home/.config/nvim/init.lua:0
204.425  000.004  000.004: sourcing nvim_exec2() called at /data/data/com.termux/files/home/.config/nvim/init.lua:0
205.977  000.007  000.007: sourcing nvim_exec2() called at /data/data/com.termux/files/home/.config/nvim/init.lua:0
206.029  000.004  000.004: sourcing nvim_exec2() called at /data/data/com.termux/files/home/.config/nvim/init.lua:0
206.123  000.005  000.005: sourcing nvim_exec2() called at /data/data/com.termux/files/home/.config/nvim/init.lua:0
206.158  000.004  000.004: sourcing nvim_exec2() called at /data/data/com.termux/files/home/.config/nvim/init.lua:0
207.340  000.125  000.125: sourcing nvim_exec2() called at /data/data/com.termux/files/usr/share/nvim/runtime/filetype.lua:0
207.347  000.730  000.604: sourcing /data/data/com.termux/files/usr/share/nvim/runtime/filetype.lua
207.354  001.019  000.289: sourcing nvim_exec2() called at /data/data/com.termux/files/home/.config/nvim/init.lua:0
207.604  000.006  000.006: sourcing nvim_exec2() called at /data/data/com.termux/files/home/.config/nvim/init.lua:0
207.629  000.003  000.003: sourcing nvim_exec2() called at /data/data/com.termux/files/home/.config/nvim/init.lua:0
210.315  001.086  001.086: require('tairiki.config')
210.322  002.686  001.600: require('tairiki')
212.023  001.381  001.381: require('tairiki.palette')
214.280  001.229  001.229: require('tairiki.util')
214.371  002.308  001.079: require('tairiki.palette.dimmed')
215.694  001.297  001.297: require('tairiki.groups')
216.602  000.849  000.849: require('tairiki.groups.diffview')
217.389  000.761  000.761: require('tairiki.groups.oil')
218.535  001.136  001.136: require('tairiki.groups.compile_mode')
220.649  002.047  002.047: require('tairiki.groups.semantic_tokens')
222.039  001.323  001.323: require('tairiki.groups.indent_blankline')
223.195  001.122  001.122: require('tairiki.groups.neovim')
224.186  000.734  000.734: require('tairiki.groups.telescope')
225.331  001.136  001.136: require('tairiki.groups.neotest')
226.461  001.091  001.091: require('tairiki.groups.dashboard')
227.439  000.964  000.964: require('tairiki.groups.gitgutter')
228.575  001.128  001.128: require('tairiki.groups.hop')
229.742  001.147  001.147: require('tairiki.groups.vim_syntax')
230.581  000.818  000.818: require('tairiki.groups.treesitter')
231.638  000.990  000.990: require('tairiki.groups.mini')
232.226  000.559  000.559: require('tairiki.groups.rainbow_delimiters')
232.760  000.519  000.519: require('tairiki.groups.fugitive')
233.522  000.743  000.743: require('tairiki.groups.which_key')
234.101  000.568  000.568: require('tairiki.groups.cmp')
235.279  001.171  001.171: require('tairiki.groups.kinds')
236.204  000.731  000.731: require('tairiki.groups.nvim_tree')
236.937  000.613  000.613: require('tairiki.groups.treesitter_context')
237.503  000.560  000.560: require('tairiki.groups.barbar')
238.577  001.055  001.055: require('tairiki.groups.neotree')
240.025  001.346  001.346: require('tairiki.groups.blink')
240.815  000.637  000.637: require('tairiki.groups.gitsigns')
242.509  000.025  000.025: sourcing nvim_exec2() called at /data/data/com.termux/files/home/.config/nvim/init.lua:0
242.538  000.004  000.004: sourcing nvim_exec2() called at /data/data/com.termux/files/home/.config/nvim/init.lua:0
246.451  001.349  001.349: require('vim.lsp.protocol')
246.520  002.052  000.703: require('vim.lsp.log')
247.524  000.996  000.996: require('vim.lsp.util')
248.890  000.618  000.618: require('vim.lsp.sync')
248.901  001.369  000.751: require('vim.lsp._changetracking')
250.267  000.650  000.650: require('vim.lsp._transport')
250.366  000.094  000.094: require('vim._core.stringbuffer')
250.382  001.477  000.733: require('vim.lsp.rpc')
250.493  007.024  001.131: require('vim.lsp')
251.258  000.760  000.760: require('vim.lsp._snippet_grammar')
251.281  008.686  000.902: require('vim.snippet')
251.912  000.018  000.018: sourcing nvim_exec2() called at /data/data/com.termux/files/home/.config/nvim/init.lua:0
251.941  000.005  000.005: sourcing nvim_exec2() called at /data/data/com.termux/files/home/.config/nvim/init.lua:0
253.003  001.044  001.044: require('mini.notify')
254.260  000.411  000.411: sourcing /data/data/com.termux/files/usr/share/nvim/runtime/plugin/editorconfig.lua
254.271  000.581  000.170: sourcing nvim_exec2() called at /data/data/com.termux/files/home/.config/nvim/init.lua:0
255.975  001.209  001.209: sourcing /data/data/com.termux/files/usr/share/nvim/runtime/plugin/fzf.vim
255.983  001.319  000.110: sourcing nvim_exec2() called at /data/data/com.termux/files/home/.config/nvim/init.lua:0
256.485  000.410  000.410: sourcing /data/data/com.termux/files/usr/share/nvim/runtime/plugin/man.lua
256.496  000.496  000.086: sourcing nvim_exec2() called at /data/data/com.termux/files/home/.config/nvim/init.lua:0
257.011  000.424  000.424: sourcing /data/data/com.termux/files/usr/share/nvim/runtime/plugin/net.lua
257.021  000.513  000.090: sourcing nvim_exec2() called at /data/data/com.termux/files/home/.config/nvim/init.lua:0
257.498  000.391  000.391: sourcing /data/data/com.termux/files/usr/share/nvim/runtime/plugin/osc52.lua
257.508  000.473  000.081: sourcing nvim_exec2() called at /data/data/com.termux/files/home/.config/nvim/init.lua:0
258.036  000.439  000.439: sourcing /data/data/com.termux/files/usr/share/nvim/runtime/plugin/shada.lua
258.045  000.526  000.087: sourcing nvim_exec2() called at /data/data/com.termux/files/home/.config/nvim/init.lua:0
258.531  000.397  000.397: sourcing /data/data/com.termux/files/usr/share/nvim/runtime/plugin/spellfile.lua
258.542  000.486  000.088: sourcing nvim_exec2() called at /data/data/com.termux/files/home/.config/nvim/init.lua:0
259.592  000.848  000.848: require('config.usercmds')
260.289  000.692  000.692: require('config.autocmds')
261.739  000.650  000.650: require('utility.lazy')
262.242  001.947  001.298: require('config.keymaps')
262.247  113.427  037.914: require('config.lazy')
262.570  000.319  000.319: require('vim._core.ui2')
263.934  001.274  001.274: require('vim._core.ui2.cmdline')
264.759  000.819  000.819: require('vim._core.ui2.messages')
264.868  119.102  000.321: sourcing /data/data/com.termux/files/home/.config/nvim/init.lua
264.896  002.240: sourcing vimrc file(s)
265.142  000.074  000.074: sourcing /data/data/com.termux/files/usr/share/nvim/runtime/filetype.lua
265.973  000.287  000.287: sourcing /data/data/com.termux/files/usr/share/nvim/runtime/syntax/synload.vim
266.091  000.804  000.517: sourcing /data/data/com.termux/files/usr/share/nvim/runtime/syntax/syntax.vim
266.121  000.348: inits 3
269.041  002.919: reading ShaDa
269.124  000.083: opening buffers
269.207  000.083: BufEnter autocommands
269.210  000.004: editing files in windows
270.134  000.016  000.016: sourcing nvim_exec2() called at VimEnter Autocommands for "*":0
270.197  000.004  000.004: sourcing nvim_exec2() called at VimEnter Autocommands for "*":0
272.973  000.534  000.534: require('persistence.config')
272.986  002.571  002.037: require('persistence')
273.091  000.012  000.012: sourcing nvim_exec2() called at VimEnter Autocommands for "*":0
273.118  000.003  000.003: sourcing nvim_exec2() called at VimEnter Autocommands for "*":0
274.477  001.342  001.342: require('alpha.themes.dashboard')
274.565  000.072  000.072: sourcing nvim_exec2() called at VimEnter Autocommands for "*":0
274.581  000.005  000.005: sourcing nvim_exec2() called at VimEnter Autocommands for "*":0
274.590  000.003  000.003: sourcing nvim_exec2() called at VimEnter Autocommands for "*":0
274.598  000.003  000.003: sourcing nvim_exec2() called at VimEnter Autocommands for "*":0
274.606  000.003  000.003: sourcing nvim_exec2() called at VimEnter Autocommands for "*":0
274.614  000.003  000.003: sourcing nvim_exec2() called at VimEnter Autocommands for "*":0
274.666  000.005  000.005: sourcing nvim_exec2() called at VimEnter Autocommands for "*":0
274.677  000.003  000.003: sourcing nvim_exec2() called at VimEnter Autocommands for "*":0
275.479  000.778  000.778: require('alpha')
279.622  000.950  000.950: require('vim.version')
283.060  008.077: VimEnter autocommands
283.444  000.012  000.012: sourcing nvim_exec2() called at UIEnter Autocommands for "*":0
283.475  000.003  000.003: sourcing nvim_exec2() called at UIEnter Autocommands for "*":0
285.658  000.592  000.592: require('heirline.utils')
286.145  000.479  000.479: require('heirline.highlights')
286.162  001.671  000.600: require('heirline.statusline')
286.170  002.677  001.005: require('heirline')
287.767  000.867  000.867: require('utility.line')
288.584  000.020  000.020: sourcing nvim_exec2() called at UIEnter Autocommands for "*":0
288.616  000.004  000.004: sourcing nvim_exec2() called at UIEnter Autocommands for "*":0
292.784  004.136  004.136: require('mini.icons')
293.232  005.459  001.300: require('mini.icons')
293.383  007.211  000.885: require('config.plugin-heirline')
295.275  000.931  000.931: sourcing /data/data/com.termux/files/home/.local/share/nvim/lazy/tiny-cmdline.nvim/plugin/tiny-cmdline.lua
295.289  001.053  000.122: sourcing nvim_exec2() called at UIEnter Autocommands for "*":0
295.313  000.009  000.009: sourcing nvim_exec2() called at UIEnter Autocommands for "*":0
295.354  000.004  000.004: sourcing nvim_exec2() called at UIEnter Autocommands for "*":0
296.402  001.006  001.006: require('tiny-cmdline')
297.544  000.958  000.958: require('config.highlight')
298.218  001.665  000.707: sourcing nvim_exec2() called at UIEnter Autocommands for "*":0
298.236  001.536: UIEnter autocommands
300.887  001.504  001.504: sourcing /data/data/com.termux/files/usr/share/nvim/runtime/autoload/provider/clipboard.vim
300.900  001.160: before starting main loop
302.309  001.409: first screen update
302.313  000.004: --- NVIM STARTED ---

--- Startup times for process: Embedded ---

times in msec
 clock   self+sourced   self:  sourced script
 clock   elapsed:              other lines

000.006  000.006: --- NVIM STARTING ---
000.132  000.125: event init
000.274  000.143: early init
000.281  000.007: locale set
000.354  000.073: init first window
000.904  000.550: inits 1
001.046  000.142: window checked
001.052  000.006: parsing arguments
002.735  000.931  000.931: require('vim._core.shared')
004.249  000.008  000.008: require('string.buffer')
004.304  000.404  000.396: require('vim.inspect')
004.837  000.500  000.500: require('vim._core.options')
004.841  002.099  001.196: require('vim._core.editor')
005.134  000.291  000.291: require('vim._core.system')
005.137  003.468  000.146: require('vim._init_packages')
005.141  000.621: init lua interpreter
005.515  000.374: expanding arguments
005.556  000.041: inits 2
005.913  000.358: init highlight
005.916  000.002: waiting for UI
065.383  059.467: done waiting for UI
065.395  000.012: clear screen
066.702  000.088  000.088: require('vim.keymap')
067.883  000.190  000.190: sourcing nvim_exec2()
068.016  000.090  000.090: require('vim._core.log')
073.684  008.276  007.908: require('vim._core.defaults')
073.695  000.024: init default mappings & autocommands
075.421  001.035  001.035: sourcing /data/data/com.termux/files/usr/share/nvim/runtime/ftplugin.vim
075.983  000.341  000.341: sourcing /data/data/com.termux/files/usr/share/nvim/runtime/indent.vim
076.397  000.301  000.301: sourcing $VIM/sysinit.vim
077.894  000.562  000.562: require('vim.fs')
079.200  001.295  001.295: require('vim.uri')
079.265  002.499  000.642: require('vim.loader')
083.338  002.748  002.748: require('config.options')
086.216  002.867  002.867: require('lazy')
088.588  000.660  000.660: require('utility.highlight')
088.607  001.685  001.025: require('config.colorscheme')
088.610  002.382  000.698: require('utility.colorscheme')
088.693  000.033  000.033: require('ffi')
089.644  000.943  000.943: require('lazy.stats')
090.663  000.971  000.971: require('lazy.core.util')
091.503  000.832  000.832: require('lazy.core.config')
093.427  000.950  000.950: require('lazy.core.handler')
096.090  001.026  001.026: require('lazy.pkg')
096.106  001.907  000.881: require('lazy.core.meta')
096.117  002.683  000.776: require('lazy.core.plugin')
096.128  004.619  000.986: require('lazy.core.loader')
097.481  000.743  000.743: require('lazy.core.fragments')
103.337  000.485  000.485: require('config.icons')
118.531  000.221  000.221: require('vim.F')
118.925  001.729  001.509: require('vim.diagnostic')
123.762  000.727  000.727: require('lazy.core.handler.cmd')
124.367  000.591  000.591: require('lazy.core.handler.keys')
125.522  000.595  000.595: require('lazy.core.handler.event')
125.529  001.153  000.558: require('lazy.core.handler.ft')
125.830  000.020  000.020: sourcing nvim_exec2() called at /data/data/com.termux/files/home/.config/nvim/init.lua:0
125.881  000.005  000.005: sourcing nvim_exec2() called at /data/data/com.termux/files/home/.config/nvim/init.lua:0
138.843  000.521  000.521: require('multicursor-nvim.feedkeys-manager')
140.304  000.525  000.525: require('multicursor-nvim.term-codes')
140.806  000.492  000.492: require('multicursor-nvim.tbl')
141.298  000.485  000.485: require('multicursor-nvim.util')
141.791  000.486  000.486: require('multicursor-nvim.langmap')
141.862  003.007  001.018: require('multicursor-nvim.cursor-manager')
142.980  000.508  000.508: require('multicursor-nvim.keymap-manager')
143.493  000.505  000.505: require('multicursor-nvim.snippet-manager')
143.578  001.713  000.700: require('multicursor-nvim.input-manager')
143.589  005.849  000.608: require('multicursor-nvim.core')
144.354  000.061  000.061: sourcing nvim_exec2() called at /data/data/com.termux/files/home/.config/nvim/init.lua:0
144.377  000.786  000.725: require('multicursor-nvim.examples')
144.440  017.443  010.808: require('multicursor-nvim')
146.512  000.014  000.014: sourcing nvim_exec2() called at /data/data/com.termux/files/home/.config/nvim/init.lua:0
146.566  000.004  000.004: sourcing nvim_exec2() called at /data/data/com.termux/files/home/.config/nvim/init.lua:0
146.622  000.004  000.004: sourcing nvim_exec2() called at /data/data/com.termux/files/home/.config/nvim/init.lua:0
146.685  000.004  000.004: sourcing nvim_exec2() called at /data/data/com.termux/files/home/.config/nvim/init.lua:0
147.653  000.162  000.162: sourcing nvim_exec2() called at /data/data/com.termux/files/usr/share/nvim/runtime/filetype.lua:0
147.659  000.491  000.329: sourcing /data/data/com.termux/files/usr/share/nvim/runtime/filetype.lua
147.666  000.863  000.372: sourcing nvim_exec2() called at /data/data/com.termux/files/home/.config/nvim/init.lua:0
147.936  000.006  000.006: sourcing nvim_exec2() called at /data/data/com.termux/files/home/.config/nvim/init.lua:0
147.961  000.003  000.003: sourcing nvim_exec2() called at /data/data/com.termux/files/home/.config/nvim/init.lua:0
148.816  000.848  000.848: require('shale')
153.297  000.737  000.737: require('vim.version')
156.168  000.248  000.248: sourcing nvim_exec2() called at /data/data/com.termux/files/home/.local/share/nvim/lazy/shale/colors/shale.lua:0
156.343  000.164  000.164: sourcing nvim_exec2() called at /data/data/com.termux/files/home/.local/share/nvim/lazy/shale/colors/shale.lua:0
159.024  000.975  000.975: require('shale.colors')
159.041  002.689  001.714: require('shale.highlights')
161.763  009.639  005.801: sourcing /data/data/com.termux/files/home/.local/share/nvim/lazy/shale/colors/shale.lua
162.261  000.014  000.014: sourcing nvim_exec2() called at /data/data/com.termux/files/home/.config/nvim/init.lua:0
162.287  000.003  000.003: sourcing nvim_exec2() called at /data/data/com.termux/files/home/.config/nvim/init.lua:0
165.502  001.084  001.084: require('vim.lsp.protocol')
165.567  001.628  000.544: require('vim.lsp.log')
166.409  000.835  000.835: require('vim.lsp.util')
167.371  000.473  000.473: require('vim.lsp.sync')
167.382  000.965  000.492: require('vim.lsp._changetracking')
168.443  000.509  000.509: require('vim.lsp._transport')
168.541  000.093  000.093: require('vim._core.stringbuffer')
168.612  001.225  000.624: require('vim.lsp.rpc')
168.725  005.637  000.984: require('vim.lsp')
169.376  000.645  000.645: require('vim.lsp._snippet_grammar')
169.402  007.067  000.784: require('vim.snippet')
169.912  000.018  000.018: sourcing nvim_exec2() called at /data/data/com.termux/files/home/.config/nvim/init.lua:0
169.938  000.004  000.004: sourcing nvim_exec2() called at /data/data/com.termux/files/home/.config/nvim/init.lua:0
171.497  001.541  001.541: require('mini.notify')
172.871  000.426  000.426: sourcing /data/data/com.termux/files/usr/share/nvim/runtime/plugin/editorconfig.lua
172.883  000.642  000.216: sourcing nvim_exec2() called at /data/data/com.termux/files/home/.config/nvim/init.lua:0
174.192  001.236  001.236: sourcing /data/data/com.termux/files/usr/share/nvim/runtime/plugin/fzf.vim
174.201  001.306  000.070: sourcing nvim_exec2() called at /data/data/com.termux/files/home/.config/nvim/init.lua:0
174.792  000.476  000.476: sourcing /data/data/com.termux/files/usr/share/nvim/runtime/plugin/man.lua
174.803  000.584  000.108: sourcing nvim_exec2() called at /data/data/com.termux/files/home/.config/nvim/init.lua:0
175.364  000.468  000.468: sourcing /data/data/com.termux/files/usr/share/nvim/runtime/plugin/net.lua
175.375  000.561  000.093: sourcing nvim_exec2() called at /data/data/com.termux/files/home/.config/nvim/init.lua:0
175.926  000.443  000.443: sourcing /data/data/com.termux/files/usr/share/nvim/runtime/plugin/osc52.lua
175.935  000.548  000.104: sourcing nvim_exec2() called at /data/data/com.termux/files/home/.config/nvim/init.lua:0
176.485  000.458  000.458: sourcing /data/data/com.termux/files/usr/share/nvim/runtime/plugin/shada.lua
176.495  000.550  000.091: sourcing nvim_exec2() called at /data/data/com.termux/files/home/.config/nvim/init.lua:0
176.987  000.391  000.391: sourcing /data/data/com.termux/files/usr/share/nvim/runtime/plugin/spellfile.lua
176.998  000.491  000.101: sourcing nvim_exec2() called at /data/data/com.termux/files/home/.config/nvim/init.lua:0
177.884  000.649  000.649: require('config.usercmds')
178.517  000.627  000.627: require('config.autocmds')
179.504  000.446  000.446: require('utility.lazy')
180.085  001.562  001.115: require('config.keymaps')
180.090  100.710  034.867: require('config.lazy')
180.439  000.346  000.346: require('vim._core.ui2')
181.219  000.687  000.687: require('vim._core.ui2.cmdline')
181.886  000.663  000.663: require('vim._core.ui2.messages')
181.998  105.518  000.613: sourcing /data/data/com.termux/files/home/.config/nvim/init.lua
182.026  001.137: sourcing vimrc file(s)
182.289  000.081  000.081: sourcing /data/data/com.termux/files/usr/share/nvim/runtime/filetype.lua
183.149  000.309  000.309: sourcing /data/data/com.termux/files/usr/share/nvim/runtime/syntax/synload.vim
183.265  000.847  000.539: sourcing /data/data/com.termux/files/usr/share/nvim/runtime/syntax/syntax.vim
183.282  000.328: inits 3
186.070  002.788: reading ShaDa
186.121  000.051: opening buffers
186.181  000.060: BufEnter autocommands
186.185  000.004: editing files in windows
187.401  000.014  000.014: sourcing nvim_exec2() called at VimEnter Autocommands for "*":0
187.428  000.003  000.003: sourcing nvim_exec2() called at VimEnter Autocommands for "*":0
189.931  000.703  000.703: require('persistence.config')
189.945  001.924  001.220: require('persistence')
190.058  000.013  000.013: sourcing nvim_exec2() called at VimEnter Autocommands for "*":0
190.093  000.003  000.003: sourcing nvim_exec2() called at VimEnter Autocommands for "*":0
191.141  001.032  001.032: require('alpha.themes.dashboard')
191.249  000.088  000.088: sourcing nvim_exec2() called at VimEnter Autocommands for "*":0
191.318  000.007  000.007: sourcing nvim_exec2() called at VimEnter Autocommands for "*":0
191.353  000.004  000.004: sourcing nvim_exec2() called at VimEnter Autocommands for "*":0
191.410  000.005  000.005: sourcing nvim_exec2() called at VimEnter Autocommands for "*":0
191.425  000.003  000.003: sourcing nvim_exec2() called at VimEnter Autocommands for "*":0
191.454  000.004  000.004: sourcing nvim_exec2() called at VimEnter Autocommands for "*":0
191.463  000.003  000.003: sourcing nvim_exec2() called at VimEnter Autocommands for "*":0
191.473  000.003  000.003: sourcing nvim_exec2() called at VimEnter Autocommands for "*":0
192.323  000.825  000.825: require('alpha')
198.054  007.939: VimEnter autocommands
198.309  000.008  000.008: sourcing nvim_exec2() called at UIEnter Autocommands for "*":0
198.333  000.003  000.003: sourcing nvim_exec2() called at UIEnter Autocommands for "*":0
202.205  000.838  000.838: require('heirline.utils')
202.951  000.736  000.736: require('heirline.highlights')
202.974  002.447  000.872: require('heirline.statusline')
202.981  004.632  002.186: require('heirline')
204.383  000.676  000.676: require('utility.line')
207.193  000.021  000.021: sourcing nvim_exec2() called at UIEnter Autocommands for "*":0
207.225  000.003  000.003: sourcing nvim_exec2() called at UIEnter Autocommands for "*":0
210.748  003.488  003.488: require('mini.icons')
211.125  006.736  003.224: require('mini.icons')
211.149  008.166  000.753: require('config.plugin-heirline')
212.913  000.595  000.595: sourcing /data/data/com.termux/files/home/.local/share/nvim/lazy/tiny-cmdline.nvim/plugin/tiny-cmdline.lua
212.927  000.734  000.140: sourcing nvim_exec2() called at UIEnter Autocommands for "*":0
212.946  000.008  000.008: sourcing nvim_exec2() called at UIEnter Autocommands for "*":0
212.983  000.003  000.003: sourcing nvim_exec2() called at UIEnter Autocommands for "*":0
214.118  001.100  001.100: require('tiny-cmdline')
215.465  001.025  001.025: require('config.highlight')
217.627  003.222  002.197: sourcing nvim_exec2() called at UIEnter Autocommands for "*":0
217.651  001.720: UIEnter autocommands
219.297  000.822  000.822: sourcing /data/data/com.termux/files/usr/share/nvim/runtime/autoload/provider/clipboard.vim
219.313  000.840: before starting main loop
220.844  001.530: first screen update
220.848  000.004: --- NVIM STARTED ---

--- Startup times for process: Embedded ---

times in msec
 clock   self+sourced   self:  sourced script
 clock   elapsed:              other lines

000.001  000.001: --- NVIM STARTING ---
000.150  000.149: event init
000.296  000.146: early init
000.302  000.006: locale set
000.384  000.082: init first window
000.931  000.546: inits 1
001.151  000.221: window checked
001.159  000.007: parsing arguments
002.848  000.925  000.925: require('vim._core.shared')
004.271  000.006  000.006: require('string.buffer')
004.309  000.443  000.436: require('vim.inspect')
004.769  000.449  000.449: require('vim._core.options')
004.773  001.919  001.028: require('vim._core.editor')
005.081  000.306  000.306: require('vim._core.system')
005.084  003.292  000.142: require('vim._init_packages')
005.087  000.637: init lua interpreter
005.496  000.408: expanding arguments
005.536  000.040: inits 2
005.893  000.357: init highlight
005.895  000.002: waiting for UI
072.111  066.216: done waiting for UI
072.147  000.036: clear screen
074.314  000.089  000.089: require('vim.keymap')
075.711  000.190  000.190: sourcing nvim_exec2()
075.836  000.076  000.076: require('vim._core.log')
082.832  010.652  010.297: require('vim._core.defaults')
082.841  000.042: init default mappings & autocommands
083.549  000.093  000.093: sourcing /data/data/com.termux/files/usr/share/nvim/runtime/ftplugin.vim
083.718  000.044  000.044: sourcing /data/data/com.termux/files/usr/share/nvim/runtime/indent.vim
083.840  000.043  000.043: sourcing $VIM/sysinit.vim
085.376  000.856  000.856: require('vim.fs')
086.170  000.784  000.784: require('vim.uri')
086.205  002.246  000.606: require('vim.loader')
087.860  001.334  001.334: require('config.options')
088.936  001.071  001.071: require('lazy')
089.508  000.148  000.148: require('utility.highlight')
089.522  000.486  000.338: require('config.colorscheme')
089.524  000.581  000.095: require('utility.colorscheme')
089.583  000.024  000.024: require('ffi')
089.722  000.131  000.131: require('lazy.stats')
089.949  000.186  000.186: require('lazy.core.util')
090.173  000.220  000.220: require('lazy.core.config')
090.658  000.246  000.246: require('lazy.core.handler')
091.183  000.178  000.178: require('lazy.pkg')
091.192  000.368  000.190: require('lazy.core.meta')
091.200  000.537  000.169: require('lazy.core.plugin')
091.210  001.033  000.250: require('lazy.core.loader')
092.065  000.273  000.273: require('lazy.core.fragments')
094.103  000.141  000.141: require('config.icons')
099.204  000.360  000.360: require('vim.F')
099.590  001.152  000.792: require('vim.diagnostic')
103.201  000.121  000.121: require('lazy.core.handler.event')
103.214  000.292  000.172: require('lazy.core.handler.ft')
103.325  000.105  000.105: require('lazy.core.handler.cmd')
103.496  000.162  000.162: require('lazy.core.handler.keys')
103.692  000.022  000.022: sourcing nvim_exec2() called at /data/data/com.termux/files/home/.config/nvim/init.lua:0
103.737  000.004  000.004: sourcing nvim_exec2() called at /data/data/com.termux/files/home/.config/nvim/init.lua:0
104.199  000.009  000.009: sourcing nvim_exec2() called at /data/data/com.termux/files/home/.config/nvim/init.lua:0
104.240  000.003  000.003: sourcing nvim_exec2() called at /data/data/com.termux/files/home/.config/nvim/init.lua:0
108.769  000.175  000.175: require('multicursor-nvim.feedkeys-manager')
109.367  000.186  000.186: require('multicursor-nvim.term-codes')
109.641  000.266  000.266: require('multicursor-nvim.tbl')
109.811  000.164  000.164: require('multicursor-nvim.util')
109.964  000.147  000.147: require('multicursor-nvim.langmap')
110.026  001.248  000.485: require('multicursor-nvim.cursor-manager')
110.367  000.151  000.151: require('multicursor-nvim.keymap-manager')
110.518  000.146  000.146: require('multicursor-nvim.snippet-manager')
110.596  000.568  000.271: require('multicursor-nvim.input-manager')
110.604  002.170  000.179: require('multicursor-nvim.core')
110.939  000.058  000.058: sourcing nvim_exec2() called at /data/data/com.termux/files/home/.config/nvim/init.lua:0
110.963  000.357  000.300: require('multicursor-nvim.examples')
111.027  004.959  002.431: require('multicursor-nvim')
111.998  000.015  000.015: sourcing nvim_exec2() called at /data/data/com.termux/files/home/.config/nvim/init.lua:0
112.070  000.004  000.004: sourcing nvim_exec2() called at /data/data/com.termux/files/home/.config/nvim/init.lua:0
112.585  000.133  000.133: sourcing nvim_exec2() called at /data/data/com.termux/files/usr/share/nvim/runtime/filetype.lua:0
112.592  000.280  000.147: sourcing /data/data/com.termux/files/usr/share/nvim/runtime/filetype.lua
112.598  000.373  000.093: sourcing nvim_exec2() called at /data/data/com.termux/files/home/.config/nvim/init.lua:0
112.959  000.007  000.007: sourcing nvim_exec2() called at /data/data/com.termux/files/home/.config/nvim/init.lua:0
113.013  000.004  000.004: sourcing nvim_exec2() called at /data/data/com.termux/files/home/.config/nvim/init.lua:0
113.501  000.478  000.478: require('shale')
114.863  000.244  000.244: require('vim.version')
117.835  000.250  000.250: sourcing nvim_exec2() called at /data/data/com.termux/files/home/.local/share/nvim/lazy/shale/colors/shale.lua:0
118.048  000.167  000.167: sourcing nvim_exec2() called at /data/data/com.termux/files/home/.local/share/nvim/lazy/shale/colors/shale.lua:0
119.030  000.272  000.272: require('shale.colors')
119.041  000.981  000.710: require('shale.highlights')
121.761  007.250  005.608: sourcing /data/data/com.termux/files/home/.local/share/nvim/lazy/shale/colors/shale.lua
122.274  000.015  000.015: sourcing nvim_exec2() called at /data/data/com.termux/files/home/.config/nvim/init.lua:0
122.302  000.004  000.004: sourcing nvim_exec2() called at /data/data/com.termux/files/home/.config/nvim/init.lua:0
123.487  000.512  000.512: require('vim.lsp.protocol')
123.551  000.725  000.213: require('vim.lsp.log')
123.831  000.273  000.273: require('vim.lsp.util')
124.117  000.139  000.139: require('vim.lsp.sync')
124.127  000.289  000.150: require('vim.lsp._changetracking')
124.368  000.118  000.118: require('vim.lsp._transport')
124.464  000.092  000.092: require('vim._core.stringbuffer')
124.520  000.389  000.179: require('vim.lsp.rpc')
124.629  002.069  000.392: require('vim.lsp')
124.880  000.246  000.246: require('vim.lsp._snippet_grammar')
124.904  002.545  000.230: require('vim.snippet')
125.403  000.018  000.018: sourcing nvim_exec2() called at /data/data/com.termux/files/home/.config/nvim/init.lua:0
125.440  000.008  000.008: sourcing nvim_exec2() called at /data/data/com.termux/files/home/.config/nvim/init.lua:0
126.031  000.565  000.565: require('mini.notify')
126.553  000.111  000.111: sourcing /data/data/com.termux/files/usr/share/nvim/runtime/plugin/editorconfig.lua
126.563  000.195  000.085: sourcing nvim_exec2() called at /data/data/com.termux/files/home/.config/nvim/init.lua:0
127.444  000.819  000.819: sourcing /data/data/com.termux/files/usr/share/nvim/runtime/plugin/fzf.vim
127.452  000.878  000.059: sourcing nvim_exec2() called at /data/data/com.termux/files/home/.config/nvim/init.lua:0
127.634  000.105  000.105: sourcing /data/data/com.termux/files/usr/share/nvim/runtime/plugin/man.lua
127.642  000.173  000.068: sourcing nvim_exec2() called at /data/data/com.termux/files/home/.config/nvim/init.lua:0
127.815  000.115  000.115: sourcing /data/data/com.termux/files/usr/share/nvim/runtime/plugin/net.lua
127.823  000.168  000.053: sourcing nvim_exec2() called at /data/data/com.termux/files/home/.config/nvim/init.lua:0
127.964  000.088  000.088: sourcing /data/data/com.termux/files/usr/share/nvim/runtime/plugin/osc52.lua
127.972  000.138  000.050: sourcing nvim_exec2() called at /data/data/com.termux/files/home/.config/nvim/init.lua:0
128.189  000.136  000.136: sourcing /data/data/com.termux/files/usr/share/nvim/runtime/plugin/shada.lua
128.197  000.193  000.057: sourcing nvim_exec2() called at /data/data/com.termux/files/home/.config/nvim/init.lua:0
128.362  000.080  000.080: sourcing /data/data/com.termux/files/usr/share/nvim/runtime/plugin/spellfile.lua
128.370  000.146  000.066: sourcing nvim_exec2() called at /data/data/com.termux/files/home/.config/nvim/init.lua:0
128.730  000.114  000.114: require('config.usercmds')
128.849  000.114  000.114: require('config.autocmds')
129.124  000.130  000.130: require('utility.lazy')
129.610  000.757  000.627: require('config.keymaps')
129.614  043.382  017.519: require('config.lazy')
129.923  000.306  000.306: require('vim._core.ui2')
130.192  000.174  000.174: require('vim._core.ui2.cmdline')
130.419  000.221  000.221: require('vim._core.ui2.messages')
130.521  046.634  000.306: sourcing /data/data/com.termux/files/home/.config/nvim/init.lua
130.547  000.891: sourcing vimrc file(s)
130.793  000.087  000.087: sourcing /data/data/com.termux/files/usr/share/nvim/runtime/filetype.lua
131.144  000.115  000.115: sourcing /data/data/com.termux/files/usr/share/nvim/runtime/syntax/synload.vim
131.256  000.357  000.242: sourcing /data/data/com.termux/files/usr/share/nvim/runtime/syntax/syntax.vim
131.273  000.282: inits 3
134.241  002.968: reading ShaDa
134.296  000.056: opening buffers
134.808  000.512: BufEnter autocommands
134.820  000.012: editing files in windows
135.825  000.019  000.019: sourcing nvim_exec2() called at VimEnter Autocommands for "*":0
135.886  000.004  000.004: sourcing nvim_exec2() called at VimEnter Autocommands for "*":0
136.553  000.125  000.125: require('persistence.config')
136.562  000.611  000.486: require('persistence')
136.717  000.030  000.030: sourcing nvim_exec2() called at VimEnter Autocommands for "*":0
136.749  000.004  000.004: sourcing nvim_exec2() called at VimEnter Autocommands for "*":0
136.921  000.155  000.155: require('alpha.themes.dashboard')
137.005  000.071  000.071: sourcing nvim_exec2() called at VimEnter Autocommands for "*":0
137.020  000.004  000.004: sourcing nvim_exec2() called at VimEnter Autocommands for "*":0
137.028  000.003  000.003: sourcing nvim_exec2() called at VimEnter Autocommands for "*":0
137.039  000.003  000.003: sourcing nvim_exec2() called at VimEnter Autocommands for "*":0
137.075  000.031  000.031: sourcing nvim_exec2() called at VimEnter Autocommands for "*":0
137.087  000.004  000.004: sourcing nvim_exec2() called at VimEnter Autocommands for "*":0
137.096  000.003  000.003: sourcing nvim_exec2() called at VimEnter Autocommands for "*":0
137.107  000.003  000.003: sourcing nvim_exec2() called at VimEnter Autocommands for "*":0
137.367  000.219  000.219: require('alpha')
143.246  007.262: VimEnter autocommands
143.776  000.146  000.146: sourcing /data/data/com.termux/files/home/.local/share/nvim/lazy/tiny-cmdline.nvim/plugin/tiny-cmdline.lua
143.789  000.249  000.103: sourcing nvim_exec2() called at UIEnter Autocommands for "*":0
143.805  000.007  000.007: sourcing nvim_exec2() called at UIEnter Autocommands for "*":0
143.844  000.003  000.003: sourcing nvim_exec2() called at UIEnter Autocommands for "*":0
144.422  000.542  000.542: require('tiny-cmdline')
144.706  000.008  000.008: sourcing nvim_exec2() called at UIEnter Autocommands for "*":0
144.737  000.004  000.004: sourcing nvim_exec2() called at UIEnter Autocommands for "*":0
145.674  000.264  000.264: require('heirline.utils')
145.857  000.177  000.177: require('heirline.highlights')
145.868  000.668  000.227: require('heirline.statusline')
145.875  001.121  000.453: require('heirline')
146.257  000.198  000.198: require('utility.line')
147.684  000.013  000.013: sourcing nvim_exec2() called at UIEnter Autocommands for "*":0
147.714  000.003  000.003: sourcing nvim_exec2() called at UIEnter Autocommands for "*":0
151.155  003.352  003.352: require('mini.icons')
151.610  005.348  001.980: require('mini.icons')
151.673  005.796  000.249: require('config.plugin-heirline')
152.941  000.544  000.544: require('config.highlight')
154.250  001.880  001.336: sourcing nvim_exec2() called at UIEnter Autocommands for "*":0
154.275  001.420: UIEnter autocommands
155.024  000.545  000.545: sourcing /data/data/com.termux/files/usr/share/nvim/runtime/autoload/provider/clipboard.vim
155.039  000.219: before starting main loop
156.336  001.297: first screen update
156.339  000.004: --- NVIM STARTED ---

--- Startup times for process: Embedded ---

times in msec
 clock   self+sourced   self:  sourced script
 clock   elapsed:              other lines

000.002  000.002: --- NVIM STARTING ---
000.161  000.159: event init
000.313  000.153: early init
000.321  000.007: locale set
000.411  000.091: init first window
000.986  000.575: inits 1
001.141  000.155: window checked
001.147  000.006: parsing arguments
002.894  000.920  000.920: require('vim._core.shared')
004.361  000.008  000.008: require('string.buffer')
004.416  000.404  000.397: require('vim.inspect')
004.956  000.507  000.507: require('vim._core.options')
004.961  002.060  001.148: require('vim._core.editor')
005.263  000.300  000.300: require('vim._core.system')
005.266  003.440  000.160: require('vim._init_packages')
005.269  000.682: init lua interpreter
005.697  000.428: expanding arguments
005.740  000.043: inits 2
006.119  000.378: init highlight
006.121  000.002: waiting for UI
069.523  063.402: done waiting for UI
069.540  000.016: clear screen
071.030  000.092  000.092: require('vim.keymap')
072.196  000.193  000.193: sourcing nvim_exec2()
072.292  000.052  000.052: require('vim._core.log')
077.029  007.466  007.129: require('vim._core.defaults')
077.039  000.033: init default mappings & autocommands
077.695  000.087  000.087: sourcing /data/data/com.termux/files/usr/share/nvim/runtime/ftplugin.vim
077.798  000.037  000.037: sourcing /data/data/com.termux/files/usr/share/nvim/runtime/indent.vim
077.886  000.037  000.037: sourcing $VIM/sysinit.vim
079.247  000.641  000.641: require('vim.fs')
080.084  000.828  000.828: require('vim.uri')
080.158  002.136  000.667: require('vim.loader')
082.225  001.333  001.333: require('config.options')
082.799  000.566  000.566: require('lazy')
083.226  000.098  000.098: require('utility.highlight')
083.236  000.349  000.251: require('config.colorscheme')
083.239  000.434  000.085: require('utility.colorscheme')
083.306  000.035  000.035: require('ffi')
083.461  000.148  000.148: require('lazy.stats')
083.701  000.200  000.200: require('lazy.core.util')
083.902  000.196  000.196: require('lazy.core.config')
084.245  000.182  000.182: require('lazy.core.handler')
084.804  000.163  000.163: require('lazy.pkg')
084.812  000.346  000.183: require('lazy.core.meta')
084.823  000.574  000.228: require('lazy.core.plugin')
084.835  000.929  000.173: require('lazy.core.loader')
086.372  000.207  000.207: require('lazy.core.fragments')
088.876  000.190  000.190: require('config.icons')
093.059  000.131  000.131: require('vim.F')
093.633  000.997  000.865: require('vim.diagnostic')
096.032  000.124  000.124: require('lazy.core.handler.event')
096.103  000.062  000.062: require('lazy.core.handler.keys')
096.155  000.049  000.049: require('lazy.core.handler.cmd')
096.230  000.072  000.072: require('lazy.core.handler.ft')
096.430  000.019  000.019: sourcing nvim_exec2() called at /data/data/com.termux/files/home/.config/nvim/init.lua:0
096.451  000.002  000.002: sourcing nvim_exec2() called at /data/data/com.termux/files/home/.config/nvim/init.lua:0
096.648  000.003  000.003: sourcing nvim_exec2() called at /data/data/com.termux/files/home/.config/nvim/init.lua:0
096.664  000.002  000.002: sourcing nvim_exec2() called at /data/data/com.termux/files/home/.config/nvim/init.lua:0
096.837  000.003  000.003: sourcing nvim_exec2() called at /data/data/com.termux/files/home/.config/nvim/init.lua:0
096.853  000.002  000.002: sourcing nvim_exec2() called at /data/data/com.termux/files/home/.config/nvim/init.lua:0
098.627  000.110  000.110: require('multicursor-nvim.feedkeys-manager')
098.961  000.098  000.098: require('multicursor-nvim.term-codes')
099.035  000.070  000.070: require('multicursor-nvim.tbl')
099.120  000.083  000.083: require('multicursor-nvim.util')
099.219  000.096  000.096: require('multicursor-nvim.langmap')
099.267  000.635  000.288: require('multicursor-nvim.cursor-manager')
099.567  000.140  000.140: require('multicursor-nvim.keymap-manager')
099.679  000.109  000.109: require('multicursor-nvim.snippet-manager')
099.737  000.468  000.220: require('multicursor-nvim.input-manager')
099.745  001.305  000.093: require('multicursor-nvim.core')
099.982  000.055  000.055: sourcing nvim_exec2() called at /data/data/com.termux/files/home/.config/nvim/init.lua:0
099.999  000.252  000.197: require('multicursor-nvim.examples')
100.050  003.191  001.633: require('multicursor-nvim')
102.511  000.082  000.082: sourcing nvim_exec2() called at /data/data/com.termux/files/usr/share/nvim/runtime/filetype.lua:0
102.517  000.187  000.105: sourcing /data/data/com.termux/files/usr/share/nvim/runtime/filetype.lua
102.521  000.285  000.098: sourcing nvim_exec2() called at /data/data/com.termux/files/home/.config/nvim/init.lua:0
102.706  000.005  000.005: sourcing nvim_exec2() called at /data/data/com.termux/files/home/.config/nvim/init.lua:0
102.723  000.001  000.001: sourcing nvim_exec2() called at /data/data/com.termux/files/home/.config/nvim/init.lua:0
103.066  000.337  000.337: require('shale')
104.021  000.162  000.162: require('vim.version')
106.243  000.213  000.213: sourcing nvim_exec2() called at /data/data/com.termux/files/home/.local/share/nvim/lazy/shale/colors/shale.lua:0
106.380  000.132  000.132: sourcing nvim_exec2() called at /data/data/com.termux/files/home/.local/share/nvim/lazy/shale/colors/shale.lua:0
107.064  000.213  000.213: require('shale.colors')
107.073  000.687  000.473: require('shale.highlights')
109.200  005.392  004.199: sourcing /data/data/com.termux/files/home/.local/share/nvim/lazy/shale/colors/shale.lua
109.685  000.010  000.010: sourcing nvim_exec2() called at /data/data/com.termux/files/home/.config/nvim/init.lua:0
109.697  000.002  000.002: sourcing nvim_exec2() called at /data/data/com.termux/files/home/.config/nvim/init.lua:0
110.759  000.534  000.534: require('vim.lsp.protocol')
110.828  000.701  000.167: require('vim.lsp.log')
111.095  000.262  000.262: require('vim.lsp.util')
111.234  000.058  000.058: require('vim.lsp.sync')
111.239  000.141  000.082: require('vim.lsp._changetracking')
111.407  000.061  000.061: require('vim.lsp._transport')
111.487  000.078  000.078: require('vim._core.stringbuffer')
111.562  000.305  000.166: require('vim.lsp.rpc')
111.644  001.713  000.303: require('vim.lsp')
111.829  000.182  000.182: require('vim.lsp._snippet_grammar')
111.846  002.110  000.215: require('vim.snippet')
112.199  000.014  000.014: sourcing nvim_exec2() called at /data/data/com.termux/files/home/.config/nvim/init.lua:0
112.211  000.002  000.002: sourcing nvim_exec2() called at /data/data/com.termux/files/home/.config/nvim/init.lua:0
112.521  000.296  000.296: require('mini.notify')
112.965  000.054  000.054: sourcing /data/data/com.termux/files/usr/share/nvim/runtime/plugin/editorconfig.lua
112.971  000.120  000.066: sourcing nvim_exec2() called at /data/data/com.termux/files/home/.config/nvim/init.lua:0
113.679  000.657  000.657: sourcing /data/data/com.termux/files/usr/share/nvim/runtime/plugin/fzf.vim
113.684  000.689  000.032: sourcing nvim_exec2() called at /data/data/com.termux/files/home/.config/nvim/init.lua:0
113.805  000.068  000.068: sourcing /data/data/com.termux/files/usr/share/nvim/runtime/plugin/man.lua
113.809  000.113  000.046: sourcing nvim_exec2() called at /data/data/com.termux/files/home/.config/nvim/init.lua:0
113.935  000.066  000.066: sourcing /data/data/com.termux/files/usr/share/nvim/runtime/plugin/net.lua
113.938  000.098  000.033: sourcing nvim_exec2() called at /data/data/com.termux/files/home/.config/nvim/init.lua:0
114.016  000.049  000.049: sourcing /data/data/com.termux/files/usr/share/nvim/runtime/plugin/osc52.lua
114.020  000.076  000.026: sourcing nvim_exec2() called at /data/data/com.termux/files/home/.config/nvim/init.lua:0
114.146  000.083  000.083: sourcing /data/data/com.termux/files/usr/share/nvim/runtime/plugin/shada.lua
114.150  000.110  000.028: sourcing nvim_exec2() called at /data/data/com.termux/files/home/.config/nvim/init.lua:0
114.224  000.038  000.038: sourcing /data/data/com.termux/files/usr/share/nvim/runtime/plugin/spellfile.lua
114.228  000.073  000.035: sourcing nvim_exec2() called at /data/data/com.termux/files/home/.config/nvim/init.lua:0
114.482  000.093  000.093: require('config.usercmds')
114.548  000.063  000.063: require('config.autocmds')
114.705  000.039  000.039: require('utility.lazy')
115.117  000.567  000.528: require('config.keymaps')
115.120  034.822  015.602: require('config.lazy')
115.399  000.278  000.278: require('vim._core.ui2')
115.609  000.110  000.110: require('vim._core.ui2.cmdline')
115.769  000.157  000.157: require('vim._core.ui2.messages')
115.860  037.929  000.427: sourcing /data/data/com.termux/files/home/.config/nvim/init.lua
115.879  000.750: sourcing vimrc file(s)
116.053  000.057  000.057: sourcing /data/data/com.termux/files/usr/share/nvim/runtime/filetype.lua
116.297  000.088  000.088: sourcing /data/data/com.termux/files/usr/share/nvim/runtime/syntax/synload.vim
116.382  000.266  000.178: sourcing /data/data/com.termux/files/usr/share/nvim/runtime/syntax/syntax.vim
116.396  000.193: inits 3
118.903  002.507: reading ShaDa
118.985  000.082: opening buffers
119.041  000.056: BufEnter autocommands
119.045  000.004: editing files in windows
119.655  000.011  000.011: sourcing nvim_exec2() called at VimEnter Autocommands for "*":0
119.668  000.002  000.002: sourcing nvim_exec2() called at VimEnter Autocommands for "*":0
120.439  000.063  000.063: require('persistence.config')
120.446  000.370  000.307: require('persistence')
120.600  000.009  000.009: sourcing nvim_exec2() called at VimEnter Autocommands for "*":0
120.612  000.001  000.001: sourcing nvim_exec2() called at VimEnter Autocommands for "*":0
120.787  000.166  000.166: require('alpha.themes.dashboard')
120.857  000.060  000.060: sourcing nvim_exec2() called at VimEnter Autocommands for "*":0
120.867  000.003  000.003: sourcing nvim_exec2() called at VimEnter Autocommands for "*":0
120.873  000.002  000.002: sourcing nvim_exec2() called at VimEnter Autocommands for "*":0
120.878  000.002  000.002: sourcing nvim_exec2() called at VimEnter Autocommands for "*":0
120.900  000.002  000.002: sourcing nvim_exec2() called at VimEnter Autocommands for "*":0
120.905  000.002  000.002: sourcing nvim_exec2() called at VimEnter Autocommands for "*":0
120.910  000.002  000.002: sourcing nvim_exec2() called at VimEnter Autocommands for "*":0
120.916  000.002  000.002: sourcing nvim_exec2() called at VimEnter Autocommands for "*":0
121.087  000.145  000.145: require('alpha')
126.182  006.360: VimEnter autocommands
126.466  000.007  000.007: sourcing nvim_exec2() called at UIEnter Autocommands for "*":0
126.481  000.002  000.002: sourcing nvim_exec2() called at UIEnter Autocommands for "*":0
127.505  000.163  000.163: require('heirline.utils')
127.613  000.102  000.102: require('heirline.highlights')
127.623  000.450  000.185: require('heirline.statusline')
127.629  001.136  000.686: require('heirline')
127.844  000.096  000.096: require('utility.line')
129.107  000.011  000.011: sourcing nvim_exec2() called at UIEnter Autocommands for "*":0
129.140  000.002  000.002: sourcing nvim_exec2() called at UIEnter Autocommands for "*":0
131.410  002.247  002.247: require('mini.icons')
131.703  003.857  001.598: require('mini.icons')
131.758  004.127  000.174: require('config.plugin-heirline')
132.556  000.152  000.152: sourcing /data/data/com.termux/files/home/.local/share/nvim/lazy/tiny-cmdline.nvim/plugin/tiny-cmdline.lua
132.564  000.254  000.102: sourcing nvim_exec2() called at UIEnter Autocommands for "*":0
132.578  000.005  000.005: sourcing nvim_exec2() called at UIEnter Autocommands for "*":0
132.604  000.002  000.002: sourcing nvim_exec2() called at UIEnter Autocommands for "*":0
133.264  000.613  000.613: require('tiny-cmdline')
134.054  000.492  000.492: require('config.highlight')
135.231  001.691  001.199: sourcing nvim_exec2() called at UIEnter Autocommands for "*":0
135.250  001.231: UIEnter autocommands
135.766  000.370  000.370: sourcing /data/data/com.termux/files/usr/share/nvim/runtime/autoload/provider/clipboard.vim
135.774  000.154: before starting main loop
136.748  000.974: first screen update
136.751  000.003: --- NVIM STARTED ---

--- Startup times for process: Embedded ---

times in msec
 clock   self+sourced   self:  sourced script
 clock   elapsed:              other lines

000.011  000.011: --- NVIM STARTING ---
000.164  000.153: event init
000.310  000.145: early init
000.316  000.007: locale set
000.418  000.102: init first window
001.061  000.644: inits 1
001.266  000.205: window checked
001.273  000.007: parsing arguments
003.074  000.959  000.959: require('vim._core.shared')
004.508  000.008  000.008: require('string.buffer')
004.567  000.419  000.411: require('vim.inspect')
005.116  000.514  000.514: require('vim._core.options')
005.121  002.039  001.106: require('vim._core.editor')
005.432  000.309  000.309: require('vim._core.system')
005.435  003.470  000.163: require('vim._init_packages')
005.439  000.697: init lua interpreter
005.920  000.481: expanding arguments
005.984  000.064: inits 2
006.382  000.398: init highlight
006.384  000.002: waiting for UI
068.439  062.055: done waiting for UI
068.463  000.024: clear screen
072.267  000.284  000.284: require('vim.keymap')
074.113  000.199  000.199: sourcing nvim_exec2()
074.240  000.070  000.070: require('vim._core.log')
080.789  012.301  011.748: require('vim._core.defaults')
080.801  000.037: init default mappings & autocommands
081.498  000.084  000.084: sourcing /data/data/com.termux/files/usr/share/nvim/runtime/ftplugin.vim
081.598  000.037  000.037: sourcing /data/data/com.termux/files/usr/share/nvim/runtime/indent.vim
081.687  000.035  000.035: sourcing $VIM/sysinit.vim
082.930  000.578  000.578: require('vim.fs')
083.709  000.770  000.770: require('vim.uri')
083.781  001.979  000.631: require('vim.loader')
085.743  001.427  001.427: require('config.options')
086.597  000.849  000.849: require('lazy')
087.227  000.131  000.131: require('utility.highlight')
087.238  000.499  000.368: require('config.colorscheme')
087.241  000.637  000.138: require('utility.colorscheme')
087.367  000.019  000.019: require('ffi')
087.499  000.125  000.125: require('lazy.stats')
087.721  000.181  000.181: require('lazy.core.util')
087.986  000.259  000.259: require('lazy.core.config')
088.442  000.241  000.241: require('lazy.core.handler')
088.886  000.132  000.132: require('lazy.pkg')
088.894  000.296  000.164: require('lazy.core.meta')
088.904  000.458  000.162: require('lazy.core.plugin')
088.916  000.926  000.228: require('lazy.core.loader')
090.744  000.384  000.384: require('lazy.core.fragments')
092.934  000.058  000.058: require('config.icons')
095.525  000.140  000.140: require('vim.F')
095.846  000.735  000.595: require('vim.diagnostic')
098.651  000.069  000.069: require('lazy.core.handler.event')
098.657  000.173  000.104: require('lazy.core.handler.ft')
098.711  000.050  000.050: require('lazy.core.handler.cmd')
098.767  000.053  000.053: require('lazy.core.handler.keys')
099.759  000.019  000.019: sourcing nvim_exec2() called at /data/data/com.termux/files/home/.config/nvim/init.lua:0
099.788  000.002  000.002: sourcing nvim_exec2() called at /data/data/com.termux/files/home/.config/nvim/init.lua:0
099.804  000.002  000.002: sourcing nvim_exec2() called at /data/data/com.termux/files/home/.config/nvim/init.lua:0
099.815  000.001  000.001: sourcing nvim_exec2() called at /data/data/com.termux/files/home/.config/nvim/init.lua:0
100.403  000.005  000.005: sourcing nvim_exec2() called at /data/data/com.termux/files/home/.config/nvim/init.lua:0
100.421  000.002  000.002: sourcing nvim_exec2() called at /data/data/com.termux/files/home/.config/nvim/init.lua:0
103.897  000.103  000.103: require('multicursor-nvim.feedkeys-manager')
104.254  000.084  000.084: require('multicursor-nvim.term-codes')
104.317  000.060  000.060: require('multicursor-nvim.tbl')
104.415  000.096  000.096: require('multicursor-nvim.util')
104.500  000.082  000.082: require('multicursor-nvim.langmap')
104.546  000.643  000.321: require('multicursor-nvim.cursor-manager')
104.723  000.055  000.055: require('multicursor-nvim.keymap-manager')
104.808  000.083  000.083: require('multicursor-nvim.snippet-manager')
104.864  000.317  000.178: require('multicursor-nvim.input-manager')
104.870  001.252  000.189: require('multicursor-nvim.core')
105.162  000.050  000.050: sourcing nvim_exec2() called at /data/data/com.termux/files/home/.config/nvim/init.lua:0
105.240  000.368  000.318: require('multicursor-nvim.examples')
105.304  004.135  002.515: require('multicursor-nvim')
106.215  000.078  000.078: sourcing nvim_exec2() called at /data/data/com.termux/files/usr/share/nvim/runtime/filetype.lua:0
106.220  000.167  000.089: sourcing /data/data/com.termux/files/usr/share/nvim/runtime/filetype.lua
106.224  000.262  000.095: sourcing nvim_exec2() called at /data/data/com.termux/files/home/.config/nvim/init.lua:0
106.392  000.004  000.004: sourcing nvim_exec2() called at /data/data/com.termux/files/home/.config/nvim/init.lua:0
106.406  000.002  000.002: sourcing nvim_exec2() called at /data/data/com.termux/files/home/.config/nvim/init.lua:0
106.700  000.289  000.289: require('shale')
107.584  000.154  000.154: require('vim.version')
109.809  000.210  000.210: sourcing nvim_exec2() called at /data/data/com.termux/files/home/.local/share/nvim/lazy/shale/colors/shale.lua:0
109.948  000.133  000.133: sourcing nvim_exec2() called at /data/data/com.termux/files/home/.local/share/nvim/lazy/shale/colors/shale.lua:0
110.633  000.225  000.225: require('shale.colors')
110.638  000.685  000.460: require('shale.highlights')
112.646  005.272  004.091: sourcing /data/data/com.termux/files/home/.local/share/nvim/lazy/shale/colors/shale.lua
113.086  000.010  000.010: sourcing nvim_exec2() called at /data/data/com.termux/files/home/.config/nvim/init.lua:0
113.100  000.002  000.002: sourcing nvim_exec2() called at /data/data/com.termux/files/home/.config/nvim/init.lua:0
114.053  000.508  000.508: require('vim.lsp.protocol')
114.103  000.620  000.112: require('vim.lsp.log')
114.316  000.209  000.209: require('vim.lsp.util')
114.470  000.074  000.074: require('vim.lsp.sync')
114.476  000.156  000.082: require('vim.lsp._changetracking')
114.605  000.058  000.058: require('vim.lsp._transport')
114.683  000.076  000.076: require('vim._core.stringbuffer')
114.726  000.248  000.114: require('vim.lsp.rpc')
114.768  001.477  000.244: require('vim.lsp')
114.987  000.216  000.216: require('vim.lsp._snippet_grammar')
115.002  001.864  000.171: require('vim.snippet')
115.310  000.011  000.011: sourcing nvim_exec2() called at /data/data/com.termux/files/home/.config/nvim/init.lua:0
115.339  000.002  000.002: sourcing nvim_exec2() called at /data/data/com.termux/files/home/.config/nvim/init.lua:0
115.697  000.345  000.345: require('mini.notify')
116.333  000.057  000.057: sourcing /data/data/com.termux/files/usr/share/nvim/runtime/plugin/editorconfig.lua
116.338  000.122  000.064: sourcing nvim_exec2() called at /data/data/com.termux/files/home/.config/nvim/init.lua:0
117.018  000.648  000.648: sourcing /data/data/com.termux/files/usr/share/nvim/runtime/plugin/fzf.vim
117.023  000.678  000.030: sourcing nvim_exec2() called at /data/data/com.termux/files/home/.config/nvim/init.lua:0
117.154  000.063  000.063: sourcing /data/data/com.termux/files/usr/share/nvim/runtime/plugin/man.lua
117.158  000.110  000.047: sourcing nvim_exec2() called at /data/data/com.termux/files/home/.config/nvim/init.lua:0
117.251  000.060  000.060: sourcing /data/data/com.termux/files/usr/share/nvim/runtime/plugin/net.lua
117.254  000.090  000.029: sourcing nvim_exec2() called at /data/data/com.termux/files/home/.config/nvim/init.lua:0
117.326  000.045  000.045: sourcing /data/data/com.termux/files/usr/share/nvim/runtime/plugin/osc52.lua
117.329  000.070  000.025: sourcing nvim_exec2() called at /data/data/com.termux/files/home/.config/nvim/init.lua:0
117.429  000.073  000.073: sourcing /data/data/com.termux/files/usr/share/nvim/runtime/plugin/shada.lua
117.432  000.098  000.026: sourcing nvim_exec2() called at /data/data/com.termux/files/home/.config/nvim/init.lua:0
117.533  000.038  000.038: sourcing /data/data/com.termux/files/usr/share/nvim/runtime/plugin/spellfile.lua
117.537  000.074  000.036: sourcing nvim_exec2() called at /data/data/com.termux/files/home/.config/nvim/init.lua:0
117.764  000.070  000.070: require('config.usercmds')
117.831  000.064  000.064: require('config.autocmds')
117.963  000.050  000.050: require('utility.lazy')
118.412  000.579  000.529: require('config.keymaps')
118.415  034.606  014.546: require('config.lazy')
118.677  000.260  000.260: require('vim._core.ui2')
119.095  000.098  000.098: require('vim._core.ui2.cmdline')
119.235  000.137  000.137: require('vim._core.ui2.messages')
119.324  037.590  000.510: sourcing /data/data/com.termux/files/home/.config/nvim/init.lua
119.341  000.794: sourcing vimrc file(s)
119.821  000.367  000.367: sourcing /data/data/com.termux/files/usr/share/nvim/runtime/filetype.lua
120.114  000.087  000.087: sourcing /data/data/com.termux/files/usr/share/nvim/runtime/syntax/synload.vim
120.195  000.293  000.206: sourcing /data/data/com.termux/files/usr/share/nvim/runtime/syntax/syntax.vim
120.207  000.206: inits 3
122.741  002.533: reading ShaDa
122.788  000.048: opening buffers
122.837  000.049: BufEnter autocommands
122.839  000.002: editing files in windows
123.330  000.008  000.008: sourcing nvim_exec2() called at VimEnter Autocommands for "*":0
123.344  000.002  000.002: sourcing nvim_exec2() called at VimEnter Autocommands for "*":0
123.756  000.064  000.064: require('persistence.config')
123.762  000.349  000.285: require('persistence')
123.816  000.006  000.006: sourcing nvim_exec2() called at VimEnter Autocommands for "*":0
123.827  000.001  000.001: sourcing nvim_exec2() called at VimEnter Autocommands for "*":0
123.920  000.083  000.083: require('alpha.themes.dashboard')
123.983  000.055  000.055: sourcing nvim_exec2() called at VimEnter Autocommands for "*":0
123.991  000.002  000.002: sourcing nvim_exec2() called at VimEnter Autocommands for "*":0
123.996  000.002  000.002: sourcing nvim_exec2() called at VimEnter Autocommands for "*":0
124.001  000.002  000.002: sourcing nvim_exec2() called at VimEnter Autocommands for "*":0
124.023  000.002  000.002: sourcing nvim_exec2() called at VimEnter Autocommands for "*":0
124.028  000.002  000.002: sourcing nvim_exec2() called at VimEnter Autocommands for "*":0
124.034  000.002  000.002: sourcing nvim_exec2() called at VimEnter Autocommands for "*":0
124.039  000.002  000.002: sourcing nvim_exec2() called at VimEnter Autocommands for "*":0
124.214  000.152  000.152: require('alpha')
129.090  005.581: VimEnter autocommands
129.294  000.006  000.006: sourcing nvim_exec2() called at UIEnter Autocommands for "*":0
129.306  000.002  000.002: sourcing nvim_exec2() called at UIEnter Autocommands for "*":0
130.183  000.152  000.152: require('heirline.utils')
130.274  000.087  000.087: require('heirline.highlights')
130.285  000.398  000.160: require('heirline.statusline')
130.291  000.974  000.576: require('heirline')
130.506  000.114  000.114: require('utility.line')
131.067  000.007  000.007: sourcing nvim_exec2() called at UIEnter Autocommands for "*":0
131.083  000.002  000.002: sourcing nvim_exec2() called at UIEnter Autocommands for "*":0
133.172  002.007  002.007: require('mini.icons')
133.395  002.887  000.871: require('mini.icons')
133.410  003.117  000.117: require('config.plugin-heirline')
134.028  000.065  000.065: sourcing /data/data/com.termux/files/home/.local/share/nvim/lazy/tiny-cmdline.nvim/plugin/tiny-cmdline.lua
134.035  000.158  000.093: sourcing nvim_exec2() called at UIEnter Autocommands for "*":0
134.057  000.003  000.003: sourcing nvim_exec2() called at UIEnter Autocommands for "*":0
134.070  000.001  000.001: sourcing nvim_exec2() called at UIEnter Autocommands for "*":0
134.438  000.347  000.347: require('tiny-cmdline')
135.153  000.586  000.586: require('config.highlight')
137.114  002.565  001.979: sourcing nvim_exec2() called at UIEnter Autocommands for "*":0
137.133  000.870: UIEnter autocommands
137.648  000.365  000.365: sourcing /data/data/com.termux/files/usr/share/nvim/runtime/autoload/provider/clipboard.vim
137.656  000.158: before starting main loop
138.658  001.003: first screen update
138.662  000.003: --- NVIM STARTED ---

--- Startup times for process: Embedded ---

times in msec
 clock   self+sourced   self:  sourced script
 clock   elapsed:              other lines

000.007  000.007: --- NVIM STARTING ---
000.231  000.224: event init
000.430  000.199: early init
000.439  000.009: locale set
000.527  000.087: init first window
001.162  000.636: inits 1
001.192  000.029: window checked
001.196  000.004: parsing arguments
002.889  000.919  000.919: require('vim._core.shared')
004.364  000.012  000.012: require('string.buffer')
004.429  000.531  000.519: require('vim.inspect')
004.971  000.508  000.508: require('vim._core.options')
004.976  002.080  001.041: require('vim._core.editor')
005.280  000.302  000.302: require('vim._core.system')
005.283  003.449  000.147: require('vim._init_packages')
005.287  000.643: init lua interpreter
005.640  000.353: expanding arguments
005.684  000.044: inits 2
006.049  000.364: init highlight
006.051  000.002: waiting for UI
069.208  063.157: done waiting for UI
069.231  000.023: clear screen
072.565  000.214  000.214: require('vim.keymap')
074.828  000.440  000.440: sourcing nvim_exec2()
075.020  000.111  000.111: require('vim._core.log')
081.322  012.067  011.302: require('vim._core.defaults')
081.330  000.033: init default mappings & autocommands
081.995  000.095  000.095: sourcing /data/data/com.termux/files/usr/share/nvim/runtime/ftplugin.vim
082.108  000.042  000.042: sourcing /data/data/com.termux/files/usr/share/nvim/runtime/indent.vim
082.205  000.041  000.041: sourcing $VIM/sysinit.vim
083.514  000.592  000.592: require('vim.fs')
084.428  000.905  000.905: require('vim.uri')
084.504  002.165  000.668: require('vim.loader')
086.521  001.314  001.314: require('config.options')
086.911  000.385  000.385: require('lazy')
087.230  000.089  000.089: require('utility.highlight')
087.241  000.239  000.150: require('config.colorscheme')
087.243  000.326  000.086: require('utility.colorscheme')
087.397  000.038  000.038: require('ffi')
087.510  000.105  000.105: require('lazy.stats')
087.793  000.244  000.244: require('lazy.core.util')
087.974  000.176  000.176: require('lazy.core.config')
088.468  000.226  000.226: require('lazy.core.handler')
089.106  000.176  000.176: require('lazy.pkg')
089.117  000.447  000.271: require('lazy.core.meta')
089.126  000.654  000.207: require('lazy.core.plugin')
089.139  001.162  000.282: require('lazy.core.loader')
090.600  000.228  000.228: require('lazy.core.fragments')
092.600  000.134  000.134: require('config.icons')
098.684  000.336  000.336: require('vim.F')
099.066  001.069  000.733: require('vim.diagnostic')
101.981  000.115  000.115: require('lazy.core.handler.event')
102.056  000.066  000.066: require('lazy.core.handler.ft')
102.112  000.053  000.053: require('lazy.core.handler.keys')
102.160  000.045  000.045: require('lazy.core.handler.cmd')
102.737  000.019  000.019: sourcing nvim_exec2() called at /data/data/com.termux/files/home/.config/nvim/init.lua:0
102.762  000.002  000.002: sourcing nvim_exec2() called at /data/data/com.termux/files/home/.config/nvim/init.lua:0
102.792  000.002  000.002: sourcing nvim_exec2() called at /data/data/com.termux/files/home/.config/nvim/init.lua:0
102.804  000.001  000.001: sourcing nvim_exec2() called at /data/data/com.termux/files/home/.config/nvim/init.lua:0
104.500  000.086  000.086: require('multicursor-nvim.feedkeys-manager')
104.810  000.099  000.099: require('multicursor-nvim.term-codes')
104.883  000.069  000.069: require('multicursor-nvim.tbl')
105.000  000.116  000.116: require('multicursor-nvim.util')
105.108  000.105  000.105: require('multicursor-nvim.langmap')
105.152  000.647  000.258: require('multicursor-nvim.cursor-manager')
105.408  000.116  000.116: require('multicursor-nvim.keymap-manager')
105.491  000.081  000.081: require('multicursor-nvim.snippet-manager')
105.546  000.392  000.195: require('multicursor-nvim.input-manager')
105.551  001.271  000.145: require('multicursor-nvim.core')
105.793  000.055  000.055: sourcing nvim_exec2() called at /data/data/com.termux/files/home/.config/nvim/init.lua:0
105.810  000.257  000.203: require('multicursor-nvim.examples')
105.860  002.898  001.370: require('multicursor-nvim')
106.300  000.007  000.007: sourcing nvim_exec2() called at /data/data/com.termux/files/home/.config/nvim/init.lua:0
106.324  000.002  000.002: sourcing nvim_exec2() called at /data/data/com.termux/files/home/.config/nvim/init.lua:0
107.568  000.076  000.076: sourcing nvim_exec2() called at /data/data/com.termux/files/usr/share/nvim/runtime/filetype.lua:0
107.573  000.156  000.081: sourcing /data/data/com.termux/files/usr/share/nvim/runtime/filetype.lua
107.577  000.233  000.077: sourcing nvim_exec2() called at /data/data/com.termux/files/home/.config/nvim/init.lua:0
107.757  000.004  000.004: sourcing nvim_exec2() called at /data/data/com.termux/files/home/.config/nvim/init.lua:0
107.769  000.001  000.001: sourcing nvim_exec2() called at /data/data/com.termux/files/home/.config/nvim/init.lua:0
108.156  000.383  000.383: require('shale')
108.995  000.122  000.122: require('vim.version')
111.195  000.212  000.212: sourcing nvim_exec2() called at /data/data/com.termux/files/home/.local/share/nvim/lazy/shale/colors/shale.lua:0
111.331  000.131  000.131: sourcing nvim_exec2() called at /data/data/com.termux/files/home/.local/share/nvim/lazy/shale/colors/shale.lua:0
111.997  000.216  000.216: require('shale.colors')
112.006  000.671  000.455: require('shale.highlights')
113.653  004.822  003.687: sourcing /data/data/com.termux/files/home/.local/share/nvim/lazy/shale/colors/shale.lua
113.864  000.007  000.007: sourcing nvim_exec2() called at /data/data/com.termux/files/home/.config/nvim/init.lua:0
113.883  000.002  000.002: sourcing nvim_exec2() called at /data/data/com.termux/files/home/.config/nvim/init.lua:0
114.960  001.066  001.066: require('mini.notify')
115.713  000.008  000.008: sourcing nvim_exec2() called at /data/data/com.termux/files/home/.config/nvim/init.lua:0
115.726  000.002  000.002: sourcing nvim_exec2() called at /data/data/com.termux/files/home/.config/nvim/init.lua:0
116.499  000.402  000.402: require('vim.lsp.protocol')
116.539  000.552  000.150: require('vim.lsp.log')
116.732  000.188  000.188: require('vim.lsp.util')
116.847  000.048  000.048: require('vim.lsp.sync')
116.851  000.116  000.068: require('vim.lsp._changetracking')
116.992  000.056  000.056: require('vim.lsp._transport')
117.071  000.077  000.077: require('vim._core.stringbuffer')
117.128  000.274  000.141: require('vim.lsp.rpc')
117.162  001.307  000.176: require('vim.lsp')
117.373  000.209  000.209: require('vim.lsp._snippet_grammar')
117.386  001.636  000.120: require('vim.snippet')
117.709  000.053  000.053: sourcing /data/data/com.termux/files/usr/share/nvim/runtime/plugin/editorconfig.lua
117.715  000.116  000.063: sourcing nvim_exec2() called at /data/data/com.termux/files/home/.config/nvim/init.lua:0
118.371  000.625  000.625: sourcing /data/data/com.termux/files/usr/share/nvim/runtime/plugin/fzf.vim
118.375  000.654  000.029: sourcing nvim_exec2() called at /data/data/com.termux/files/home/.config/nvim/init.lua:0
118.486  000.060  000.060: sourcing /data/data/com.termux/files/usr/share/nvim/runtime/plugin/man.lua
118.490  000.105  000.045: sourcing nvim_exec2() called at /data/data/com.termux/files/home/.config/nvim/init.lua:0
118.579  000.058  000.058: sourcing /data/data/com.termux/files/usr/share/nvim/runtime/plugin/net.lua
118.582  000.086  000.028: sourcing nvim_exec2() called at /data/data/com.termux/files/home/.config/nvim/init.lua:0
118.653  000.044  000.044: sourcing /data/data/com.termux/files/usr/share/nvim/runtime/plugin/osc52.lua
118.656  000.069  000.025: sourcing nvim_exec2() called at /data/data/com.termux/files/home/.config/nvim/init.lua:0
118.757  000.073  000.073: sourcing /data/data/com.termux/files/usr/share/nvim/runtime/plugin/shada.lua
118.760  000.100  000.027: sourcing nvim_exec2() called at /data/data/com.termux/files/home/.config/nvim/init.lua:0
118.830  000.035  000.035: sourcing /data/data/com.termux/files/usr/share/nvim/runtime/plugin/spellfile.lua
118.833  000.068  000.033: sourcing nvim_exec2() called at /data/data/com.termux/files/home/.config/nvim/init.lua:0
119.069  000.102  000.102: require('config.usercmds')
119.134  000.063  000.063: require('config.autocmds')
119.263  000.054  000.054: require('utility.lazy')
119.552  000.416  000.362: require('config.keymaps')
119.556  035.018  016.685: require('config.lazy')
119.816  000.258  000.258: require('vim._core.ui2')
119.979  000.088  000.088: require('vim._core.ui2.cmdline')
120.147  000.165  000.165: require('vim._core.ui2.messages')
120.230  037.960  000.266: sourcing /data/data/com.termux/files/home/.config/nvim/init.lua
120.244  000.775: sourcing vimrc file(s)
120.561  000.054  000.054: sourcing /data/data/com.termux/files/usr/share/nvim/runtime/filetype.lua
120.781  000.079  000.079: sourcing /data/data/com.termux/files/usr/share/nvim/runtime/syntax/synload.vim
120.858  000.241  000.162: sourcing /data/data/com.termux/files/usr/share/nvim/runtime/syntax/syntax.vim
120.871  000.333: inits 3
123.295  002.424: reading ShaDa
123.337  000.042: opening buffers
123.382  000.044: BufEnter autocommands
123.385  000.003: editing files in windows
123.803  000.006  000.006: sourcing nvim_exec2() called at VimEnter Autocommands for "*":0
123.815  000.002  000.002: sourcing nvim_exec2() called at VimEnter Autocommands for "*":0
124.625  000.097  000.097: require('persistence.config')
124.634  000.707  000.610: require('persistence')
124.708  000.008  000.008: sourcing nvim_exec2() called at VimEnter Autocommands for "*":0
124.722  000.001  000.001: sourcing nvim_exec2() called at VimEnter Autocommands for "*":0
124.856  000.118  000.118: require('alpha.themes.dashboard')
124.964  000.062  000.062: sourcing nvim_exec2() called at VimEnter Autocommands for "*":0
124.973  000.002  000.002: sourcing nvim_exec2() called at VimEnter Autocommands for "*":0
124.979  000.002  000.002: sourcing nvim_exec2() called at VimEnter Autocommands for "*":0
124.984  000.002  000.002: sourcing nvim_exec2() called at VimEnter Autocommands for "*":0
124.989  000.002  000.002: sourcing nvim_exec2() called at VimEnter Autocommands for "*":0
124.994  000.002  000.002: sourcing nvim_exec2() called at VimEnter Autocommands for "*":0
124.999  000.002  000.002: sourcing nvim_exec2() called at VimEnter Autocommands for "*":0
125.005  000.002  000.002: sourcing nvim_exec2() called at VimEnter Autocommands for "*":0
125.177  000.133  000.133: require('alpha')
129.718  005.283: VimEnter autocommands
130.022  000.061  000.061: sourcing /data/data/com.termux/files/home/.local/share/nvim/lazy/tiny-cmdline.nvim/plugin/tiny-cmdline.lua
130.028  000.137  000.076: sourcing nvim_exec2() called at UIEnter Autocommands for "*":0
130.036  000.003  000.003: sourcing nvim_exec2() called at UIEnter Autocommands for "*":0
130.049  000.002  000.002: sourcing nvim_exec2() called at UIEnter Autocommands for "*":0
130.383  000.316  000.316: require('tiny-cmdline')
130.481  000.004  000.004: sourcing nvim_exec2() called at UIEnter Autocommands for "*":0
130.492  000.001  000.001: sourcing nvim_exec2() called at UIEnter Autocommands for "*":0
130.952  000.116  000.116: require('heirline.utils')
131.142  000.187  000.187: require('heirline.highlights')
131.152  000.398  000.095: require('heirline.statusline')
131.156  000.642  000.245: require('heirline')
131.427  000.122  000.122: require('utility.line')
132.859  000.006  000.006: sourcing nvim_exec2() called at UIEnter Autocommands for "*":0
132.872  000.002  000.002: sourcing nvim_exec2() called at UIEnter Autocommands for "*":0
134.774  001.830  001.830: require('mini.icons')
135.052  003.622  001.784: require('mini.icons')
135.065  003.907  000.163: require('config.plugin-heirline')
135.828  000.401  000.401: require('config.highlight')
137.537  002.127  001.726: sourcing nvim_exec2() called at UIEnter Autocommands for "*":0
137.557  000.700: UIEnter autocommands
138.085  000.366  000.366: sourcing /data/data/com.termux/files/usr/share/nvim/runtime/autoload/provider/clipboard.vim
138.092  000.169: before starting main loop
139.711  001.618: first screen update
139.714  000.003: --- NVIM STARTED ---

--- Startup times for process: Embedded ---

times in msec
 clock   self+sourced   self:  sourced script
 clock   elapsed:              other lines

000.001  000.001: --- NVIM STARTING ---
000.121  000.120: event init
000.246  000.126: early init
000.253  000.007: locale set
000.325  000.072: init first window
000.871  000.546: inits 1
000.978  000.107: window checked
000.983  000.005: parsing arguments
002.632  000.944  000.944: require('vim._core.shared')
004.068  000.012  000.012: require('string.buffer')
004.108  000.454  000.442: require('vim.inspect')
004.567  000.448  000.448: require('vim._core.options')
004.571  001.931  001.029: require('vim._core.editor')
004.880  000.307  000.307: require('vim._core.system')
004.883  003.323  000.142: require('vim._init_packages')
004.888  000.582: init lua interpreter
005.370  000.483: expanding arguments
005.425  000.054: inits 2
005.831  000.406: init highlight
005.834  000.003: waiting for UI
110.201  104.367: done waiting for UI
110.230  000.029: clear screen
114.219  000.337  000.337: require('vim.keymap')
117.801  000.667  000.667: sourcing nvim_exec2()
118.169  000.193  000.193: require('vim._core.log')
122.348  012.090  010.891: require('vim._core.defaults')
122.356  000.037: init default mappings & autocommands
122.918  000.069  000.069: sourcing /data/data/com.termux/files/usr/share/nvim/runtime/ftplugin.vim
122.992  000.025  000.025: sourcing /data/data/com.termux/files/usr/share/nvim/runtime/indent.vim
123.065  000.034  000.034: sourcing $VIM/sysinit.vim
124.226  000.561  000.561: require('vim.fs')
124.793  000.561  000.561: require('vim.uri')
124.820  001.675  000.553: require('vim.loader')
127.298  002.198  002.198: require('config.options')
127.822  000.514  000.514: require('lazy')
128.155  000.068  000.068: require('utility.highlight')
128.163  000.259  000.191: require('config.colorscheme')
128.165  000.339  000.080: require('utility.colorscheme')
128.219  000.020  000.020: require('ffi')
128.349  000.125  000.125: require('lazy.stats')
128.502  000.122  000.122: require('lazy.core.util')
128.702  000.197  000.197: require('lazy.core.config')
129.017  000.168  000.168: require('lazy.core.handler')
129.661  000.299  000.299: require('lazy.pkg')
129.669  000.481  000.181: require('lazy.core.meta')
129.680  000.660  000.179: require('lazy.core.plugin')
129.691  000.987  000.159: require('lazy.core.loader')
131.008  000.233  000.233: require('lazy.core.fragments')
132.109  000.118  000.118: require('config.icons')
138.805  000.505  000.505: require('vim.F')
138.904  001.057  000.552: require('vim.diagnostic')
141.422  000.139  000.139: require('lazy.core.handler.keys')
141.503  000.071  000.071: require('lazy.core.handler.cmd')
141.571  000.065  000.065: require('lazy.core.handler.event')
141.615  000.041  000.041: require('lazy.core.handler.ft')
143.888  000.089  000.089: require('multicursor-nvim.feedkeys-manager')
144.254  000.116  000.116: require('multicursor-nvim.term-codes')
144.382  000.124  000.124: require('multicursor-nvim.tbl')
144.448  000.064  000.064: require('multicursor-nvim.util')
144.506  000.055  000.055: require('multicursor-nvim.langmap')
144.563  000.652  000.292: require('multicursor-nvim.cursor-manager')
144.761  000.093  000.093: require('multicursor-nvim.keymap-manager')
144.862  000.099  000.099: require('multicursor-nvim.snippet-manager')
144.921  000.356  000.164: require('multicursor-nvim.input-manager')
144.927  001.227  000.130: require('multicursor-nvim.core')
145.200  000.054  000.054: sourcing nvim_exec2() called at /data/data/com.termux/files/home/.config/nvim/init.lua:0
145.221  000.292  000.238: require('multicursor-nvim.examples')
145.273  003.113  001.594: require('multicursor-nvim')
146.797  000.019  000.019: sourcing nvim_exec2() called at /data/data/com.termux/files/home/.config/nvim/init.lua:0
146.870  000.002  000.002: sourcing nvim_exec2() called at /data/data/com.termux/files/home/.config/nvim/init.lua:0
147.155  000.004  000.004: sourcing nvim_exec2() called at /data/data/com.termux/files/home/.config/nvim/init.lua:0
147.189  000.002  000.002: sourcing nvim_exec2() called at /data/data/com.termux/files/home/.config/nvim/init.lua:0
148.342  000.024  000.024: sourcing nvim_exec2() called at /data/data/com.termux/files/home/.config/nvim/init.lua:0
148.494  000.011  000.011: sourcing nvim_exec2() called at /data/data/com.termux/files/home/.config/nvim/init.lua:0
151.183  000.452  000.452: sourcing nvim_exec2() called at /data/data/com.termux/files/usr/share/nvim/runtime/filetype.lua:0
151.216  001.030  000.579: sourcing /data/data/com.termux/files/usr/share/nvim/runtime/filetype.lua
151.239  001.394  000.364: sourcing nvim_exec2() called at /data/data/com.termux/files/home/.config/nvim/init.lua:0
152.039  000.024  000.024: sourcing nvim_exec2() called at /data/data/com.termux/files/home/.config/nvim/init.lua:0
152.147  000.010  000.010: sourcing nvim_exec2() called at /data/data/com.termux/files/home/.config/nvim/init.lua:0
158.961  003.337  003.337: require('tairiki.config')
158.975  006.800  003.463: require('tairiki')
160.339  000.890  000.890: require('tairiki.palette')
161.347  000.472  000.472: require('tairiki.util')
161.505  001.150  000.678: require('tairiki.palette.dimmed')
162.098  000.556  000.556: require('tairiki.groups')
162.766  000.601  000.601: require('tairiki.groups.barbar')
163.314  000.531  000.531: require('tairiki.groups.which_key')
163.903  000.569  000.569: require('tairiki.groups.indent_blankline')
164.531  000.598  000.598: require('tairiki.groups.nvim_tree')
165.097  000.524  000.524: require('tairiki.groups.neotest')
165.739  000.562  000.562: require('tairiki.groups.neotree')
166.277  000.518  000.518: require('tairiki.groups.gitsigns')
166.807  000.513  000.513: require('tairiki.groups.diffview')
167.303  000.469  000.469: require('tairiki.groups.fugitive')
168.159  000.771  000.771: require('tairiki.groups.hop')
168.896  000.697  000.697: require('tairiki.groups.compile_mode')
169.612  000.627  000.627: require('tairiki.groups.cmp')
171.272  001.653  001.653: require('tairiki.groups.kinds')
172.237  000.752  000.752: require('tairiki.groups.treesitter')
173.568  000.911  000.911: require('tairiki.groups.neovim')
174.249  000.525  000.525: require('tairiki.groups.mini')
174.693  000.434  000.434: require('tairiki.groups.treesitter_context')
175.229  000.530  000.530: require('tairiki.groups.vim_syntax')
175.708  000.463  000.463: require('tairiki.groups.semantic_tokens')
176.195  000.459  000.459: require('tairiki.groups.gitgutter')
176.619  000.414  000.414: require('tairiki.groups.telescope')
177.040  000.412  000.412: require('tairiki.groups.dashboard')
177.468  000.416  000.416: require('tairiki.groups.oil')
177.888  000.409  000.409: require('tairiki.groups.blink')
178.416  000.423  000.423: require('tairiki.groups.rainbow_delimiters')
180.339  000.024  000.024: sourcing nvim_exec2() called at /data/data/com.termux/files/home/.config/nvim/init.lua:0
180.372  000.004  000.004: sourcing nvim_exec2() called at /data/data/com.termux/files/home/.config/nvim/init.lua:0
181.783  000.751  000.751: require('vim.lsp.protocol')
181.898  000.978  000.227: require('vim.lsp.log')
182.347  000.440  000.440: require('vim.lsp.util')
182.558  000.079  000.079: require('vim.lsp.sync')
182.568  000.210  000.131: require('vim.lsp._changetracking')
182.787  000.106  000.106: require('vim.lsp._transport')
182.895  000.103  000.103: require('vim._core.stringbuffer')
182.987  000.414  000.205: require('vim.lsp.rpc')
183.058  002.388  000.346: require('vim.lsp')
183.338  000.275  000.275: require('vim.lsp._snippet_grammar')
183.370  002.923  000.260: require('vim.snippet')
183.955  000.020  000.020: sourcing nvim_exec2() called at /data/data/com.termux/files/home/.config/nvim/init.lua:0
183.983  000.004  000.004: sourcing nvim_exec2() called at /data/data/com.termux/files/home/.config/nvim/init.lua:0
184.548  000.518  000.518: require('mini.notify')
185.386  000.104  000.104: sourcing /data/data/com.termux/files/usr/share/nvim/runtime/plugin/editorconfig.lua
185.398  000.210  000.105: sourcing nvim_exec2() called at /data/data/com.termux/files/home/.config/nvim/init.lua:0
186.432  000.876  000.876: sourcing /data/data/com.termux/files/usr/share/nvim/runtime/plugin/fzf.vim
186.443  000.973  000.097: sourcing nvim_exec2() called at /data/data/com.termux/files/home/.config/nvim/init.lua:0
186.705  000.138  000.138: sourcing /data/data/com.termux/files/usr/share/nvim/runtime/plugin/man.lua
186.716  000.222  000.084: sourcing nvim_exec2() called at /data/data/com.termux/files/home/.config/nvim/init.lua:0
186.930  000.126  000.126: sourcing /data/data/com.termux/files/usr/share/nvim/runtime/plugin/net.lua
186.939  000.193  000.067: sourcing nvim_exec2() called at /data/data/com.termux/files/home/.config/nvim/init.lua:0
187.104  000.092  000.092: sourcing /data/data/com.termux/files/usr/share/nvim/runtime/plugin/osc52.lua
187.113  000.145  000.053: sourcing nvim_exec2() called at /data/data/com.termux/files/home/.config/nvim/init.lua:0
187.339  000.146  000.146: sourcing /data/data/com.termux/files/usr/share/nvim/runtime/plugin/shada.lua
187.347  000.210  000.064: sourcing nvim_exec2() called at /data/data/com.termux/files/home/.config/nvim/init.lua:0
187.521  000.075  000.075: sourcing /data/data/com.termux/files/usr/share/nvim/runtime/plugin/spellfile.lua
187.529  000.135  000.060: sourcing nvim_exec2() called at /data/data/com.termux/files/home/.config/nvim/init.lua:0
187.902  000.156  000.156: require('config.usercmds')
188.032  000.124  000.124: require('config.autocmds')
188.281  000.072  000.072: require('utility.lazy')
188.931  000.896  000.824: require('config.keymaps')
188.937  064.097  022.335: require('config.lazy')
189.322  000.382  000.382: require('vim._core.ui2')
189.986  000.624  000.624: require('vim._core.ui2.cmdline')
190.236  000.243  000.243: require('vim._core.ui2.messages')
190.455  067.360  000.339: sourcing /data/data/com.termux/files/home/.config/nvim/init.lua
190.508  000.664: sourcing vimrc file(s)
190.820  000.088  000.088: sourcing /data/data/com.termux/files/usr/share/nvim/runtime/filetype.lua
191.314  000.167  000.167: sourcing /data/data/com.termux/files/usr/share/nvim/runtime/syntax/synload.vim
191.472  000.489  000.322: sourcing /data/data/com.termux/files/usr/share/nvim/runtime/syntax/syntax.vim
191.496  000.411: inits 3
194.546  003.050: reading ShaDa
194.673  000.127: opening buffers
194.787  000.114: BufEnter autocommands
194.793  000.006: editing files in windows
196.086  000.023  000.023: sourcing nvim_exec2() called at VimEnter Autocommands for "*":0
196.124  000.004  000.004: sourcing nvim_exec2() called at VimEnter Autocommands for "*":0
197.043  000.176  000.176: require('persistence.config')
197.064  000.811  000.635: require('persistence')
197.219  000.017  000.017: sourcing nvim_exec2() called at VimEnter Autocommands for "*":0
197.279  000.005  000.005: sourcing nvim_exec2() called at VimEnter Autocommands for "*":0
197.574  000.270  000.270: require('alpha.themes.dashboard')
197.667  000.072  000.072: sourcing nvim_exec2() called at VimEnter Autocommands for "*":0
197.691  000.006  000.006: sourcing nvim_exec2() called at VimEnter Autocommands for "*":0
197.703  000.003  000.003: sourcing nvim_exec2() called at VimEnter Autocommands for "*":0
197.715  000.003  000.003: sourcing nvim_exec2() called at VimEnter Autocommands for "*":0
197.725  000.003  000.003: sourcing nvim_exec2() called at VimEnter Autocommands for "*":0
197.738  000.003  000.003: sourcing nvim_exec2() called at VimEnter Autocommands for "*":0
197.750  000.003  000.003: sourcing nvim_exec2() called at VimEnter Autocommands for "*":0
197.761  000.003  000.003: sourcing nvim_exec2() called at VimEnter Autocommands for "*":0
198.194  000.401  000.401: require('alpha')
202.282  000.318  000.318: require('vim.version')
206.287  009.549: VimEnter autocommands
206.950  000.022  000.022: sourcing nvim_exec2() called at UIEnter Autocommands for "*":0
206.991  000.004  000.004: sourcing nvim_exec2() called at UIEnter Autocommands for "*":0
208.484  000.273  000.273: require('heirline.utils')
208.680  000.182  000.182: require('heirline.highlights')
208.701  000.772  000.317: require('heirline.statusline')
208.710  001.693  000.921: require('heirline')
209.075  000.164  000.164: require('utility.line')
211.872  000.026  000.026: sourcing nvim_exec2() called at UIEnter Autocommands for "*":0
211.917  000.004  000.004: sourcing nvim_exec2() called at UIEnter Autocommands for "*":0
216.890  004.839  004.839: require('mini.icons')
217.606  008.524  003.655: require('mini.icons')
217.633  008.921  000.233: require('config.plugin-heirline')
218.722  000.135  000.135: sourcing /data/data/com.termux/files/home/.local/share/nvim/lazy/tiny-cmdline.nvim/plugin/tiny-cmdline.lua
218.738  000.284  000.149: sourcing nvim_exec2() called at UIEnter Autocommands for "*":0
218.760  000.009  000.009: sourcing nvim_exec2() called at UIEnter Autocommands for "*":0
218.799  000.003  000.003: sourcing nvim_exec2() called at UIEnter Autocommands for "*":0
219.654  000.821  000.821: require('tiny-cmdline')
220.332  000.360  000.360: require('config.highlight')
220.950  001.014  000.654: sourcing nvim_exec2() called at UIEnter Autocommands for "*":0
220.978  001.919: UIEnter autocommands
221.847  000.590  000.590: sourcing /data/data/com.termux/files/usr/share/nvim/runtime/autoload/provider/clipboard.vim
221.863  000.295: before starting main loop
223.995  002.132: first screen update
224.002  000.008: --- NVIM STARTED ---

--- Startup times for process: Embedded ---

times in msec
 clock   self+sourced   self:  sourced script
 clock   elapsed:              other lines

000.011  000.011: --- NVIM STARTING ---
000.410  000.399: event init
000.694  000.284: early init
000.710  000.016: locale set
000.922  000.212: init first window
002.546  001.624: inits 1
002.730  000.184: window checked
002.743  000.013: parsing arguments
008.846  002.683  002.683: require('vim._core.shared')
011.784  000.011  000.011: require('string.buffer')
011.861  000.431  000.420: require('vim.inspect')
012.395  000.502  000.502: require('vim._core.options')
012.400  003.514  002.582: require('vim._core.editor')
012.714  000.312  000.312: require('vim._core.system')
012.717  007.093  000.584: require('vim._init_packages')
012.722  002.885: init lua interpreter
013.212  000.490: expanding arguments
013.255  000.043: inits 2
013.605  000.350: init highlight
013.607  000.002: waiting for UI
112.066  098.458: done waiting for UI
112.094  000.028: clear screen
115.955  000.233  000.233: require('vim.keymap')
119.409  000.683  000.683: sourcing nvim_exec2()
119.685  000.164  000.164: require('vim._core.log')
126.409  014.293  013.213: require('vim._core.defaults')
126.436  000.049: init default mappings & autocommands
129.034  000.337  000.337: sourcing /data/data/com.termux/files/usr/share/nvim/runtime/ftplugin.vim
129.452  000.148  000.148: sourcing /data/data/com.termux/files/usr/share/nvim/runtime/indent.vim
129.756  000.117  000.117: sourcing $VIM/sysinit.vim
136.463  001.977  001.977: require('vim.fs')
140.473  003.959  003.959: require('vim.uri')
140.753  010.599  004.663: require('vim.loader')
150.166  007.251  007.251: require('config.options')
151.438  001.237  001.237: require('lazy')
152.461  000.292  000.292: require('utility.highlight')
152.501  000.766  000.474: require('config.colorscheme')
152.510  001.040  000.274: require('utility.colorscheme')
152.709  000.072  000.072: require('ffi')
153.054  000.323  000.323: require('lazy.stats')
153.632  000.482  000.482: require('lazy.core.util')
154.181  000.528  000.528: require('lazy.core.config')
155.690  001.025  001.025: require('lazy.core.handler')
157.931  000.651  000.651: require('lazy.pkg')
157.978  001.593  000.942: require('lazy.core.meta')
158.028  002.321  000.728: require('lazy.core.plugin')
158.073  003.881  000.535: require('lazy.core.loader')
164.274  001.171  001.171: require('lazy.core.fragments')
169.980  000.453  000.453: require('config.icons')
181.912  000.179  000.179: require('vim.F')
182.698  001.367  001.188: require('vim.diagnostic')
186.152  000.170  000.170: require('lazy.core.handler.event')
186.255  000.091  000.091: require('lazy.core.handler.ft')
186.354  000.094  000.094: require('lazy.core.handler.keys')
186.460  000.101  000.101: require('lazy.core.handler.cmd')
186.697  000.021  000.021: sourcing nvim_exec2() called at /data/data/com.termux/files/home/.config/nvim/init.lua:0
186.730  000.003  000.003: sourcing nvim_exec2() called at /data/data/com.termux/files/home/.config/nvim/init.lua:0
186.782  000.003  000.003: sourcing nvim_exec2() called at /data/data/com.termux/files/home/.config/nvim/init.lua:0
186.804  000.003  000.003: sourcing nvim_exec2() called at /data/data/com.termux/files/home/.config/nvim/init.lua:0
192.038  000.119  000.119: require('multicursor-nvim.feedkeys-manager')
192.605  000.209  000.209: require('multicursor-nvim.term-codes')
192.746  000.131  000.131: require('multicursor-nvim.tbl')
193.050  000.299  000.299: require('multicursor-nvim.util')
193.272  000.215  000.215: require('multicursor-nvim.langmap')
193.360  001.309  000.456: require('multicursor-nvim.cursor-manager')
193.758  000.128  000.128: require('multicursor-nvim.keymap-manager')
193.929  000.166  000.166: require('multicursor-nvim.snippet-manager')
194.016  000.653  000.360: require('multicursor-nvim.input-manager')
194.027  002.317  000.236: require('multicursor-nvim.core')
194.344  000.060  000.060: sourcing nvim_exec2() called at /data/data/com.termux/files/home/.config/nvim/init.lua:0
194.367  000.338  000.278: require('multicursor-nvim.examples')
194.434  005.595  002.939: require('multicursor-nvim')
195.149  000.016  000.016: sourcing nvim_exec2() called at /data/data/com.termux/files/home/.config/nvim/init.lua:0
195.205  000.004  000.004: sourcing nvim_exec2() called at /data/data/com.termux/files/home/.config/nvim/init.lua:0
196.178  000.104  000.104: sourcing nvim_exec2() called at /data/data/com.termux/files/usr/share/nvim/runtime/filetype.lua:0
196.185  000.284  000.180: sourcing /data/data/com.termux/files/usr/share/nvim/runtime/filetype.lua
196.192  000.394  000.110: sourcing nvim_exec2() called at /data/data/com.termux/files/home/.config/nvim/init.lua:0
196.523  000.007  000.007: sourcing nvim_exec2() called at /data/data/com.termux/files/home/.config/nvim/init.lua:0
196.546  000.003  000.003: sourcing nvim_exec2() called at /data/data/com.termux/files/home/.config/nvim/init.lua:0
199.688  000.780  000.780: require('vscode.config')
202.985  003.285  003.285: require('vscode.theme')
204.421  001.425  001.425: require('vscode.utils')
204.430  007.878  002.388: require('vscode')
204.703  000.231  000.231: sourcing nvim_exec2() called at /data/data/com.termux/files/home/.config/nvim/init.lua:0
204.885  000.163  000.163: sourcing nvim_exec2() called at /data/data/com.termux/files/home/.config/nvim/init.lua:0
206.028  001.125  001.125: require('vscode.colors')
207.534  000.019  000.019: sourcing nvim_exec2() called at /data/data/com.termux/files/home/.config/nvim/init.lua:0
207.551  000.002  000.002: sourcing nvim_exec2() called at /data/data/com.termux/files/home/.config/nvim/init.lua:0
207.982  000.414  000.414: require('mini.notify')
208.643  000.013  000.013: sourcing nvim_exec2() called at /data/data/com.termux/files/home/.config/nvim/init.lua:0
208.655  000.002  000.002: sourcing nvim_exec2() called at /data/data/com.termux/files/home/.config/nvim/init.lua:0
209.809  000.642  000.642: require('vim.lsp.protocol')
209.864  000.781  000.139: require('vim.lsp.log')
210.092  000.223  000.223: require('vim.lsp.util')
210.216  000.049  000.049: require('vim.lsp.sync')
210.221  000.124  000.075: require('vim.lsp._changetracking')
210.382  000.088  000.088: require('vim.lsp._transport')
210.462  000.078  000.078: require('vim._core.stringbuffer')
210.473  000.250  000.084: require('vim.lsp.rpc')
210.587  001.687  000.309: require('vim.lsp')
210.859  000.269  000.269: require('vim.lsp._snippet_grammar')
210.877  002.168  000.213: require('vim.snippet')
211.281  000.063  000.063: sourcing /data/data/com.termux/files/usr/share/nvim/runtime/plugin/editorconfig.lua
211.289  000.164  000.101: sourcing nvim_exec2() called at /data/data/com.termux/files/home/.config/nvim/init.lua:0
211.991  000.668  000.668: sourcing /data/data/com.termux/files/usr/share/nvim/runtime/plugin/fzf.vim
211.998  000.702  000.034: sourcing nvim_exec2() called at /data/data/com.termux/files/home/.config/nvim/init.lua:0
212.126  000.076  000.076: sourcing /data/data/com.termux/files/usr/share/nvim/runtime/plugin/man.lua
212.130  000.120  000.045: sourcing nvim_exec2() called at /data/data/com.termux/files/home/.config/nvim/init.lua:0
212.287  000.072  000.072: sourcing /data/data/com.termux/files/usr/share/nvim/runtime/plugin/net.lua
212.291  000.105  000.033: sourcing nvim_exec2() called at /data/data/com.termux/files/home/.config/nvim/init.lua:0
212.421  000.055  000.055: sourcing /data/data/com.termux/files/usr/share/nvim/runtime/plugin/osc52.lua
212.425  000.090  000.036: sourcing nvim_exec2() called at /data/data/com.termux/files/home/.config/nvim/init.lua:0
212.535  000.079  000.079: sourcing /data/data/com.termux/files/usr/share/nvim/runtime/plugin/shada.lua
212.539  000.107  000.027: sourcing nvim_exec2() called at /data/data/com.termux/files/home/.config/nvim/init.lua:0
212.628  000.043  000.043: sourcing /data/data/com.termux/files/usr/share/nvim/runtime/plugin/spellfile.lua
212.632  000.088  000.045: sourcing nvim_exec2() called at /data/data/com.termux/files/home/.config/nvim/init.lua:0
212.958  000.097  000.097: require('config.usercmds')
213.110  000.087  000.087: require('config.autocmds')
213.284  000.054  000.054: require('utility.lazy')
213.752  000.639  000.585: require('config.keymaps')
213.754  072.834  034.312: require('config.lazy')
214.320  000.563  000.563: require('vim._core.ui2')
214.545  000.118  000.118: require('vim._core.ui2.cmdline')
214.718  000.170  000.170: require('vim._core.ui2.messages')
214.839  084.949  000.664: sourcing /data/data/com.termux/files/home/.config/nvim/init.lua
214.858  002.872: sourcing vimrc file(s)
215.212  000.056  000.056: sourcing /data/data/com.termux/files/usr/share/nvim/runtime/filetype.lua
215.497  000.104  000.104: sourcing /data/data/com.termux/files/usr/share/nvim/runtime/syntax/synload.vim
215.591  000.295  000.191: sourcing /data/data/com.termux/files/usr/share/nvim/runtime/syntax/syntax.vim
215.604  000.395: inits 3
218.319  002.715: reading ShaDa
218.384  000.065: opening buffers
218.466  000.081: BufEnter autocommands
218.470  000.005: editing files in windows
219.016  000.014  000.014: sourcing nvim_exec2() called at VimEnter Autocommands for "*":0
219.032  000.002  000.002: sourcing nvim_exec2() called at VimEnter Autocommands for "*":0
219.494  000.117  000.117: require('persistence.config')
219.504  000.429  000.312: require('persistence')
219.589  000.009  000.009: sourcing nvim_exec2() called at VimEnter Autocommands for "*":0
219.611  000.001  000.001: sourcing nvim_exec2() called at VimEnter Autocommands for "*":0
219.725  000.104  000.104: require('alpha.themes.dashboard')
219.796  000.060  000.060: sourcing nvim_exec2() called at VimEnter Autocommands for "*":0
219.805  000.003  000.003: sourcing nvim_exec2() called at VimEnter Autocommands for "*":0
219.813  000.002  000.002: sourcing nvim_exec2() called at VimEnter Autocommands for "*":0
219.818  000.002  000.002: sourcing nvim_exec2() called at VimEnter Autocommands for "*":0
219.824  000.002  000.002: sourcing nvim_exec2() called at VimEnter Autocommands for "*":0
219.829  000.002  000.002: sourcing nvim_exec2() called at VimEnter Autocommands for "*":0
219.834  000.002  000.002: sourcing nvim_exec2() called at VimEnter Autocommands for "*":0
219.857  000.002  000.002: sourcing nvim_exec2() called at VimEnter Autocommands for "*":0
220.026  000.150  000.150: require('alpha')
223.010  000.176  000.176: require('vim.version')
229.059  009.632: VimEnter autocommands
230.058  000.037  000.037: sourcing nvim_exec2() called at UIEnter Autocommands for "*":0
230.160  000.013  000.013: sourcing nvim_exec2() called at UIEnter Autocommands for "*":0
233.795  001.147  001.147: require('heirline.utils')
234.384  000.558  000.558: require('heirline.highlights')
234.440  002.514  000.808: require('heirline.statusline')
234.480  004.202  001.688: require('heirline')
235.541  000.486  000.486: require('utility.line')
239.853  000.050  000.050: sourcing nvim_exec2() called at UIEnter Autocommands for "*":0
239.938  000.011  000.011: sourcing nvim_exec2() called at UIEnter Autocommands for "*":0
253.808  013.747  013.747: require('mini.icons')
255.298  019.739  005.931: require('mini.icons')
255.831  021.340  001.115: require('config.plugin-heirline')
257.832  000.166  000.166: sourcing /data/data/com.termux/files/home/.local/share/nvim/lazy/tiny-cmdline.nvim/plugin/tiny-cmdline.lua
257.842  000.271  000.105: sourcing nvim_exec2() called at UIEnter Autocommands for "*":0
257.856  000.005  000.005: sourcing nvim_exec2() called at UIEnter Autocommands for "*":0
257.875  000.002  000.002: sourcing nvim_exec2() called at UIEnter Autocommands for "*":0
258.541  000.576  000.576: require('tiny-cmdline')
258.987  000.274  000.274: require('config.highlight')
259.528  000.840  000.566: sourcing nvim_exec2() called at UIEnter Autocommands for "*":0
259.547  003.201: UIEnter autocommands
260.084  000.374  000.374: sourcing /data/data/com.termux/files/usr/share/nvim/runtime/autoload/provider/clipboard.vim
260.107  000.186: before starting main loop
261.167  001.060: first screen update
261.170  000.003: --- NVIM STARTED ---

--- Startup times for process: Embedded ---

times in msec
 clock   self+sourced   self:  sourced script
 clock   elapsed:              other lines

000.006  000.006: --- NVIM STARTING ---
000.135  000.129: event init
000.267  000.132: early init
000.274  000.006: locale set
000.351  000.077: init first window
000.911  000.560: inits 1
001.048  000.137: window checked
001.059  000.011: parsing arguments
002.814  000.992  000.992: require('vim._core.shared')
004.185  000.007  000.007: require('string.buffer')
004.241  000.405  000.397: require('vim.inspect')
004.782  000.507  000.507: require('vim._core.options')
004.786  001.963  001.052: require('vim._core.editor')
005.100  000.312  000.312: require('vim._core.system')
005.104  003.433  000.165: require('vim._init_packages')
005.109  000.617: init lua interpreter
005.523  000.414: expanding arguments
005.564  000.041: inits 2
005.914  000.350: init highlight
005.916  000.002: waiting for UI
057.053  051.138: done waiting for UI
057.069  000.015: clear screen
058.448  000.085  000.085: require('vim.keymap')
060.469  000.376  000.376: sourcing nvim_exec2()
060.639  000.102  000.102: require('vim._core.log')
068.368  011.282  010.719: require('vim._core.defaults')
068.379  000.028: init default mappings & autocommands
069.057  000.096  000.096: sourcing /data/data/com.termux/files/usr/share/nvim/runtime/ftplugin.vim
069.167  000.038  000.038: sourcing /data/data/com.termux/files/usr/share/nvim/runtime/indent.vim
069.270  000.042  000.042: sourcing $VIM/sysinit.vim
070.583  000.605  000.605: require('vim.fs')
072.165  001.568  001.568: require('vim.uri')
072.287  002.888  000.714: require('vim.loader')
075.621  001.848  001.848: require('config.options')
075.942  000.314  000.314: require('lazy')
076.286  000.087  000.087: require('utility.highlight')
076.294  000.243  000.156: require('config.colorscheme')
076.296  000.350  000.107: require('utility.colorscheme')
076.370  000.019  000.019: require('ffi')
076.666  000.290  000.290: require('lazy.stats')
076.836  000.138  000.138: require('lazy.core.util')
076.997  000.159  000.159: require('lazy.core.config')
077.287  000.150  000.150: require('lazy.core.handler')
077.686  000.176  000.176: require('lazy.pkg')
077.694  000.297  000.121: require('lazy.core.meta')
077.701  000.411  000.114: require('lazy.core.plugin')
077.712  000.713  000.152: require('lazy.core.loader')
078.859  000.218  000.218: require('lazy.core.fragments')
080.199  000.055  000.055: require('config.icons')
083.099  000.143  000.143: require('vim.F')
083.511  001.100  000.956: require('vim.diagnostic')
086.139  000.069  000.069: require('lazy.core.handler.event')
086.145  000.208  000.140: require('lazy.core.handler.ft')
086.223  000.074  000.074: require('lazy.core.handler.cmd')
086.283  000.057  000.057: require('lazy.core.handler.keys')
086.790  000.021  000.021: sourcing nvim_exec2() called at /data/data/com.termux/files/home/.config/nvim/init.lua:0
086.819  000.002  000.002: sourcing nvim_exec2() called at /data/data/com.termux/files/home/.config/nvim/init.lua:0
087.397  000.004  000.004: sourcing nvim_exec2() called at /data/data/com.termux/files/home/.config/nvim/init.lua:0
087.416  000.002  000.002: sourcing nvim_exec2() called at /data/data/com.termux/files/home/.config/nvim/init.lua:0
089.639  000.107  000.107: require('multicursor-nvim.feedkeys-manager')
089.962  000.083  000.083: require('multicursor-nvim.term-codes')
090.058  000.094  000.094: require('multicursor-nvim.tbl')
090.123  000.062  000.062: require('multicursor-nvim.util')
090.180  000.054  000.054: require('multicursor-nvim.langmap')
090.229  000.585  000.291: require('multicursor-nvim.cursor-manager')
090.395  000.059  000.059: require('multicursor-nvim.keymap-manager')
090.459  000.062  000.062: require('multicursor-nvim.snippet-manager')
090.519  000.288  000.166: require('multicursor-nvim.input-manager')
090.526  001.080  000.100: require('multicursor-nvim.core')
090.823  000.069  000.069: sourcing nvim_exec2() called at /data/data/com.termux/files/home/.config/nvim/init.lua:0
090.843  000.316  000.247: require('multicursor-nvim.examples')
090.907  003.426  002.030: require('multicursor-nvim')
091.670  000.009  000.009: sourcing nvim_exec2() called at /data/data/com.termux/files/home/.config/nvim/init.lua:0
091.701  000.002  000.002: sourcing nvim_exec2() called at /data/data/com.termux/files/home/.config/nvim/init.lua:0
093.072  000.087  000.087: sourcing nvim_exec2() called at /data/data/com.termux/files/usr/share/nvim/runtime/filetype.lua:0
093.077  000.219  000.133: sourcing /data/data/com.termux/files/usr/share/nvim/runtime/filetype.lua
093.082  000.338  000.118: sourcing nvim_exec2() called at /data/data/com.termux/files/home/.config/nvim/init.lua:0
093.364  000.004  000.004: sourcing nvim_exec2() called at /data/data/com.termux/files/home/.config/nvim/init.lua:0
093.383  000.002  000.002: sourcing nvim_exec2() called at /data/data/com.termux/files/home/.config/nvim/init.lua:0
093.937  000.143  000.143: require('tairiki.config')
093.941  000.538  000.395: require('tairiki')
094.242  000.156  000.156: require('tairiki.palette')
094.483  000.151  000.151: require('tairiki.util')
094.532  000.285  000.134: require('tairiki.palette.dimmed')
094.742  000.187  000.187: require('tairiki.groups')
094.892  000.132  000.132: require('tairiki.groups.rainbow_delimiters')
094.998  000.098  000.098: require('tairiki.groups.barbar')
095.109  000.094  000.094: require('tairiki.groups.which_key')
095.198  000.078  000.078: require('tairiki.groups.indent_blankline')
095.330  000.085  000.085: require('tairiki.groups.nvim_tree')
095.432  000.081  000.081: require('tairiki.groups.treesitter_context')
095.498  000.064  000.064: require('tairiki.groups.neotree')
095.567  000.058  000.058: require('tairiki.groups.telescope')
095.632  000.057  000.057: require('tairiki.groups.gitsigns')
095.736  000.101  000.101: require('tairiki.groups.diffview')
095.880  000.074  000.074: require('tairiki.groups.compile_mode')
095.953  000.066  000.066: require('tairiki.groups.dashboard')
096.024  000.060  000.060: require('tairiki.groups.cmp')
096.086  000.060  000.060: require('tairiki.groups.kinds')
096.246  000.137  000.137: require('tairiki.groups.neovim')
096.459  000.073  000.073: require('tairiki.groups.hop')
096.552  000.087  000.087: require('tairiki.groups.treesitter')
096.684  000.092  000.092: require('tairiki.groups.semantic_tokens')
096.777  000.064  000.064: require('tairiki.groups.mini')
096.837  000.057  000.057: require('tairiki.groups.vim_syntax')
097.010  000.166  000.166: require('tairiki.groups.oil')
097.140  000.126  000.126: require('tairiki.groups.gitgutter')
097.323  000.162  000.162: require('tairiki.groups.neotest')
097.474  000.114  000.114: require('tairiki.groups.blink')
097.641  000.127  000.127: require('tairiki.groups.fugitive')
098.933  000.019  000.019: sourcing nvim_exec2() called at /data/data/com.termux/files/home/.config/nvim/init.lua:0
098.950  000.002  000.002: sourcing nvim_exec2() called at /data/data/com.termux/files/home/.config/nvim/init.lua:0
099.331  000.365  000.365: require('mini.notify')
099.835  000.011  000.011: sourcing nvim_exec2() called at /data/data/com.termux/files/home/.config/nvim/init.lua:0
099.859  000.002  000.002: sourcing nvim_exec2() called at /data/data/com.termux/files/home/.config/nvim/init.lua:0
100.686  000.478  000.478: require('vim.lsp.protocol')
100.748  000.597  000.120: require('vim.lsp.log')
100.952  000.200  000.200: require('vim.lsp.util')
101.069  000.048  000.048: require('vim.lsp.sync')
101.074  000.119  000.071: require('vim.lsp._changetracking')
101.199  000.056  000.056: require('vim.lsp._transport')
101.278  000.077  000.077: require('vim._core.stringbuffer')
101.314  000.237  000.105: require('vim.lsp.rpc')
101.348  001.356  000.202: require('vim.lsp')
101.528  000.177  000.177: require('vim.lsp._snippet_grammar')
101.541  001.655  000.123: require('vim.snippet')
101.881  000.054  000.054: sourcing /data/data/com.termux/files/usr/share/nvim/runtime/plugin/editorconfig.lua
101.887  000.123  000.068: sourcing nvim_exec2() called at /data/data/com.termux/files/home/.config/nvim/init.lua:0
102.621  000.624  000.624: sourcing /data/data/com.termux/files/usr/share/nvim/runtime/plugin/fzf.vim
102.627  000.672  000.047: sourcing nvim_exec2() called at /data/data/com.termux/files/home/.config/nvim/init.lua:0
102.839  000.068  000.068: sourcing /data/data/com.termux/files/usr/share/nvim/runtime/plugin/man.lua
102.843  000.113  000.044: sourcing nvim_exec2() called at /data/data/com.termux/files/home/.config/nvim/init.lua:0
102.989  000.086  000.086: sourcing /data/data/com.termux/files/usr/share/nvim/runtime/plugin/net.lua
102.996  000.128  000.042: sourcing nvim_exec2() called at /data/data/com.termux/files/home/.config/nvim/init.lua:0
103.106  000.075  000.075: sourcing /data/data/com.termux/files/usr/share/nvim/runtime/plugin/osc52.lua
103.115  000.112  000.037: sourcing nvim_exec2() called at /data/data/com.termux/files/home/.config/nvim/init.lua:0
103.216  000.072  000.072: sourcing /data/data/com.termux/files/usr/share/nvim/runtime/plugin/shada.lua
103.220  000.100  000.028: sourcing nvim_exec2() called at /data/data/com.termux/files/home/.config/nvim/init.lua:0
103.293  000.040  000.040: sourcing /data/data/com.termux/files/usr/share/nvim/runtime/plugin/spellfile.lua
103.297  000.072  000.032: sourcing nvim_exec2() called at /data/data/com.termux/files/home/.config/nvim/init.lua:0
103.500  000.098  000.098: require('config.usercmds')
103.584  000.081  000.081: require('config.autocmds')
103.757  000.052  000.052: require('utility.lazy')
104.101  000.515  000.463: require('config.keymaps')
104.103  031.771  014.873: require('config.lazy')
104.371  000.265  000.265: require('vim._core.ui2')
104.504  000.091  000.091: require('vim._core.ui2.cmdline')
104.645  000.138  000.138: require('vim._core.ui2.messages')
104.737  035.417  000.264: sourcing /data/data/com.termux/files/home/.config/nvim/init.lua
104.750  000.778: sourcing vimrc file(s)
105.052  000.060  000.060: sourcing /data/data/com.termux/files/usr/share/nvim/runtime/filetype.lua
105.308  000.091  000.091: sourcing /data/data/com.termux/files/usr/share/nvim/runtime/syntax/synload.vim
105.402  000.289  000.198: sourcing /data/data/com.termux/files/usr/share/nvim/runtime/syntax/syntax.vim
105.416  000.317: inits 3
108.007  002.590: reading ShaDa
108.073  000.067: opening buffers
108.129  000.056: BufEnter autocommands
108.133  000.004: editing files in windows
108.636  000.009  000.009: sourcing nvim_exec2() called at VimEnter Autocommands for "*":0
108.648  000.002  000.002: sourcing nvim_exec2() called at VimEnter Autocommands for "*":0
109.429  000.102  000.102: require('persistence.config')
109.437  000.734  000.632: require('persistence')
109.541  000.008  000.008: sourcing nvim_exec2() called at VimEnter Autocommands for "*":0
109.560  000.002  000.002: sourcing nvim_exec2() called at VimEnter Autocommands for "*":0
109.799  000.229  000.229: require('alpha.themes.dashboard')
109.869  000.060  000.060: sourcing nvim_exec2() called at VimEnter Autocommands for "*":0
109.879  000.002  000.002: sourcing nvim_exec2() called at VimEnter Autocommands for "*":0
109.885  000.002  000.002: sourcing nvim_exec2() called at VimEnter Autocommands for "*":0
109.890  000.002  000.002: sourcing nvim_exec2() called at VimEnter Autocommands for "*":0
109.902  000.002  000.002: sourcing nvim_exec2() called at VimEnter Autocommands for "*":0
109.907  000.002  000.002: sourcing nvim_exec2() called at VimEnter Autocommands for "*":0
109.912  000.002  000.002: sourcing nvim_exec2() called at VimEnter Autocommands for "*":0
109.917  000.002  000.002: sourcing nvim_exec2() called at VimEnter Autocommands for "*":0
110.078  000.143  000.143: require('alpha')
112.906  000.126  000.126: require('vim.version')
116.013  006.556: VimEnter autocommands
116.270  000.012  000.012: sourcing nvim_exec2() called at UIEnter Autocommands for "*":0
116.287  000.002  000.002: sourcing nvim_exec2() called at UIEnter Autocommands for "*":0
117.112  000.198  000.198: require('heirline.utils')
117.263  000.145  000.145: require('heirline.highlights')
117.273  000.505  000.162: require('heirline.statusline')
117.283  000.963  000.458: require('heirline')
117.526  000.103  000.103: require('utility.line')
117.884  000.016  000.016: sourcing nvim_exec2() called at UIEnter Autocommands for "*":0
117.898  000.002  000.002: sourcing nvim_exec2() called at UIEnter Autocommands for "*":0
120.406  002.484  002.484: require('mini.icons')
121.031  003.502  001.000: require('mini.icons')
121.084  003.799  000.194: require('config.plugin-heirline')
122.143  000.184  000.184: sourcing /data/data/com.termux/files/home/.local/share/nvim/lazy/tiny-cmdline.nvim/plugin/tiny-cmdline.lua
122.156  000.307  000.123: sourcing nvim_exec2() called at UIEnter Autocommands for "*":0
122.173  000.007  000.007: sourcing nvim_exec2() called at UIEnter Autocommands for "*":0
122.211  000.002  000.002: sourcing nvim_exec2() called at UIEnter Autocommands for "*":0
122.885  000.630  000.630: require('tiny-cmdline')
124.007  000.819  000.819: require('config.highlight')
124.909  001.769  000.949: sourcing nvim_exec2() called at UIEnter Autocommands for "*":0
124.931  001.429: UIEnter autocommands
125.515  000.414  000.414: sourcing /data/data/com.termux/files/usr/share/nvim/runtime/autoload/provider/clipboard.vim
125.525  000.180: before starting main loop
126.780  001.255: first screen update
126.784  000.004: --- NVIM STARTED ---

--- Startup times for process: Embedded ---

times in msec
 clock   self+sourced   self:  sourced script
 clock   elapsed:              other lines

000.007  000.007: --- NVIM STARTING ---
000.136  000.129: event init
000.291  000.156: early init
000.298  000.007: locale set
000.373  000.075: init first window
000.920  000.547: inits 1
001.087  000.167: window checked
001.092  000.005: parsing arguments
002.849  001.006  001.006: require('vim._core.shared')
004.189  000.007  000.007: require('string.buffer')
004.241  000.389  000.382: require('vim.inspect')
004.778  000.505  000.505: require('vim._core.options')
004.782  001.925  001.030: require('vim._core.editor')
005.088  000.301  000.301: require('vim._core.system')
005.091  003.384  000.152: require('vim._init_packages')
005.095  000.619: init lua interpreter
005.512  000.417: expanding arguments
005.560  000.048: inits 2
005.918  000.358: init highlight
005.921  000.002: waiting for UI
044.213  038.292: done waiting for UI
044.227  000.014: clear screen
045.651  000.100  000.100: require('vim.keymap')
046.802  000.216  000.216: sourcing nvim_exec2()
046.927  000.067  000.067: require('vim._core.log')
052.691  008.449  008.067: require('vim._core.defaults')
052.699  000.023: init default mappings & autocommands
053.357  000.088  000.088: sourcing /data/data/com.termux/files/usr/share/nvim/runtime/ftplugin.vim
053.494  000.042  000.042: sourcing /data/data/com.termux/files/usr/share/nvim/runtime/indent.vim
053.584  000.035  000.035: sourcing $VIM/sysinit.vim
054.915  000.651  000.651: require('vim.fs')
055.691  000.767  000.767: require('vim.uri')
055.765  002.068  000.650: require('vim.loader')
057.840  001.414  001.414: require('config.options')
058.681  000.835  000.835: require('lazy')
059.305  000.165  000.165: require('utility.highlight')
059.317  000.547  000.382: require('config.colorscheme')
059.320  000.632  000.086: require('utility.colorscheme')
059.446  000.018  000.018: require('ffi')
059.627  000.173  000.173: require('lazy.stats')
059.834  000.167  000.167: require('lazy.core.util')
060.039  000.200  000.200: require('lazy.core.config')
060.451  000.191  000.191: require('lazy.core.handler')
060.907  000.133  000.133: require('lazy.pkg')
060.916  000.306  000.173: require('lazy.core.meta')
060.927  000.471  000.165: require('lazy.core.plugin')
060.940  000.897  000.236: require('lazy.core.loader')
062.079  000.409  000.409: require('lazy.core.fragments')
063.605  000.078  000.078: require('config.icons')
067.666  000.144  000.144: require('vim.F')
068.054  000.881  000.738: require('vim.diagnostic')
071.740  000.176  000.176: require('lazy.core.handler.event')
071.834  000.082  000.082: require('lazy.core.handler.ft')
072.127  000.244  000.244: require('lazy.core.handler.keys')
072.195  000.061  000.061: require('lazy.core.handler.cmd')
073.630  000.020  000.020: sourcing nvim_exec2() called at /data/data/com.termux/files/home/.config/nvim/init.lua:0
073.657  000.002  000.002: sourcing nvim_exec2() called at /data/data/com.termux/files/home/.config/nvim/init.lua:0
074.024  000.003  000.003: sourcing nvim_exec2() called at /data/data/com.termux/files/home/.config/nvim/init.lua:0
074.041  000.002  000.002: sourcing nvim_exec2() called at /data/data/com.termux/files/home/.config/nvim/init.lua:0
074.825  000.007  000.007: sourcing nvim_exec2() called at /data/data/com.termux/files/home/.config/nvim/init.lua:0
074.848  000.002  000.002: sourcing nvim_exec2() called at /data/data/com.termux/files/home/.config/nvim/init.lua:0
077.765  000.084  000.084: require('multicursor-nvim.feedkeys-manager')
078.209  000.125  000.125: require('multicursor-nvim.term-codes')
078.293  000.080  000.080: require('multicursor-nvim.tbl')
078.547  000.252  000.252: require('multicursor-nvim.util')
078.745  000.194  000.194: require('multicursor-nvim.langmap')
078.814  001.044  000.394: require('multicursor-nvim.cursor-manager')
079.073  000.084  000.084: require('multicursor-nvim.keymap-manager')
079.180  000.104  000.104: require('multicursor-nvim.snippet-manager')
079.245  000.429  000.241: require('multicursor-nvim.input-manager')
079.253  001.712  000.155: require('multicursor-nvim.core')
079.543  000.060  000.060: sourcing nvim_exec2() called at /data/data/com.termux/files/home/.config/nvim/init.lua:0
079.642  000.387  000.327: require('multicursor-nvim.examples')
079.705  004.807  002.708: require('multicursor-nvim')
080.456  000.089  000.089: sourcing nvim_exec2() called at /data/data/com.termux/files/usr/share/nvim/runtime/filetype.lua:0
080.461  000.211  000.122: sourcing /data/data/com.termux/files/usr/share/nvim/runtime/filetype.lua
080.465  000.308  000.097: sourcing nvim_exec2() called at /data/data/com.termux/files/home/.config/nvim/init.lua:0
080.677  000.004  000.004: sourcing nvim_exec2() called at /data/data/com.termux/files/home/.config/nvim/init.lua:0
080.690  000.002  000.002: sourcing nvim_exec2() called at /data/data/com.termux/files/home/.config/nvim/init.lua:0
081.282  000.579  000.579: require('mini.notify')
081.901  000.008  000.008: sourcing nvim_exec2() called at /data/data/com.termux/files/home/.config/nvim/init.lua:0
081.917  000.002  000.002: sourcing nvim_exec2() called at /data/data/com.termux/files/home/.config/nvim/init.lua:0
083.801  001.007  001.007: require('vim.lsp.protocol')
083.879  001.379  000.372: require('vim.lsp.log')
084.711  000.819  000.819: require('vim.lsp.util')
084.969  000.097  000.097: require('vim.lsp.sync')
084.975  000.253  000.156: require('vim.lsp._changetracking')
085.116  000.063  000.063: require('vim.lsp._transport')
085.201  000.083  000.083: require('vim._core.stringbuffer')
085.257  000.279  000.132: require('vim.lsp.rpc')
085.318  003.176  000.447: require('vim.lsp')
085.541  000.220  000.220: require('vim.lsp._snippet_grammar')
085.553  003.592  000.196: require('vim.snippet')
085.883  000.057  000.057: sourcing /data/data/com.termux/files/usr/share/nvim/runtime/plugin/editorconfig.lua
085.889  000.120  000.063: sourcing nvim_exec2() called at /data/data/com.termux/files/home/.config/nvim/init.lua:0
086.642  000.718  000.718: sourcing /data/data/com.termux/files/usr/share/nvim/runtime/plugin/fzf.vim
086.648  000.750  000.032: sourcing nvim_exec2() called at /data/data/com.termux/files/home/.config/nvim/init.lua:0
086.774  000.069  000.069: sourcing /data/data/com.termux/files/usr/share/nvim/runtime/plugin/man.lua
086.779  000.119  000.050: sourcing nvim_exec2() called at /data/data/com.termux/files/home/.config/nvim/init.lua:0
086.882  000.071  000.071: sourcing /data/data/com.termux/files/usr/share/nvim/runtime/plugin/net.lua
086.886  000.100  000.030: sourcing nvim_exec2() called at /data/data/com.termux/files/home/.config/nvim/init.lua:0
086.967  000.049  000.049: sourcing /data/data/com.termux/files/usr/share/nvim/runtime/plugin/osc52.lua
086.970  000.078  000.029: sourcing nvim_exec2() called at /data/data/com.termux/files/home/.config/nvim/init.lua:0
087.078  000.079  000.079: sourcing /data/data/com.termux/files/usr/share/nvim/runtime/plugin/shada.lua
087.081  000.106  000.027: sourcing nvim_exec2() called at /data/data/com.termux/files/home/.config/nvim/init.lua:0
087.200  000.046  000.046: sourcing /data/data/com.termux/files/usr/share/nvim/runtime/plugin/spellfile.lua
087.204  000.081  000.036: sourcing nvim_exec2() called at /data/data/com.termux/files/home/.config/nvim/init.lua:0
087.433  000.110  000.110: require('config.usercmds')
087.511  000.075  000.075: require('config.autocmds')
087.643  000.047  000.047: require('utility.lazy')
088.007  000.494  000.447: require('config.keymaps')
088.010  032.111  014.473: require('config.lazy')
088.278  000.267  000.267: require('vim._core.ui2')
088.474  000.086  000.086: require('vim._core.ui2.cmdline')
088.599  000.122  000.122: require('vim._core.ui2.messages')
088.688  035.062  000.407: sourcing /data/data/com.termux/files/home/.config/nvim/init.lua
088.706  000.780: sourcing vimrc file(s)
088.974  000.050  000.050: sourcing /data/data/com.termux/files/usr/share/nvim/runtime/filetype.lua
089.211  000.091  000.091: sourcing /data/data/com.termux/files/usr/share/nvim/runtime/syntax/synload.vim
089.342  000.309  000.218: sourcing /data/data/com.termux/files/usr/share/nvim/runtime/syntax/syntax.vim
089.355  000.290: inits 3
092.503  003.148: reading ShaDa
092.561  000.058: opening buffers
092.606  000.046: BufEnter autocommands
092.609  000.003: editing files in windows
092.834  000.009  000.009: sourcing nvim_exec2() called at VimEnter Autocommands for "*":0
092.847  000.002  000.002: sourcing nvim_exec2() called at VimEnter Autocommands for "*":0
095.818  000.413  000.413: sourcing /data/data/com.termux/files/home/.local/share/nvim/lazy/edge/autoload/edge.vim
431.674  000.165  000.165: require('vim._core.util')
432.068  337.316  336.738: sourcing /data/data/com.termux/files/home/.local/share/nvim/lazy/edge/colors/edge.vim
432.795  000.009  000.009: sourcing nvim_exec2() called at VimEnter Autocommands for "*":0
432.818  000.003  000.003: sourcing nvim_exec2() called at VimEnter Autocommands for "*":0
433.461  000.104  000.104: require('persistence.config')
433.472  000.590  000.487: require('persistence')
433.568  000.006  000.006: sourcing nvim_exec2() called at VimEnter Autocommands for "*":0
433.598  000.003  000.003: sourcing nvim_exec2() called at VimEnter Autocommands for "*":0
433.764  000.151  000.151: require('alpha.themes.dashboard')
433.823  000.045  000.045: sourcing nvim_exec2() called at VimEnter Autocommands for "*":0
433.839  000.004  000.004: sourcing nvim_exec2() called at VimEnter Autocommands for "*":0
433.848  000.003  000.003: sourcing nvim_exec2() called at VimEnter Autocommands for "*":0
433.856  000.003  000.003: sourcing nvim_exec2() called at VimEnter Autocommands for "*":0
433.864  000.003  000.003: sourcing nvim_exec2() called at VimEnter Autocommands for "*":0
433.873  000.003  000.003: sourcing nvim_exec2() called at VimEnter Autocommands for "*":0
433.881  000.003  000.003: sourcing nvim_exec2() called at VimEnter Autocommands for "*":0
433.890  000.003  000.003: sourcing nvim_exec2() called at VimEnter Autocommands for "*":0
434.137  000.227  000.227: require('alpha')
437.253  000.163  000.163: require('vim.version')
440.340  009.187: VimEnter autocommands
440.820  000.066  000.066: sourcing /data/data/com.termux/files/home/.local/share/nvim/lazy/tiny-cmdline.nvim/plugin/tiny-cmdline.lua
440.827  000.203  000.137: sourcing nvim_exec2() called at UIEnter Autocommands for "*":0
440.837  000.004  000.004: sourcing nvim_exec2() called at UIEnter Autocommands for "*":0
440.853  000.002  000.002: sourcing nvim_exec2() called at UIEnter Autocommands for "*":0
441.349  000.477  000.477: require('tiny-cmdline')
441.537  000.005  000.005: sourcing nvim_exec2() called at UIEnter Autocommands for "*":0
441.551  000.002  000.002: sourcing nvim_exec2() called at UIEnter Autocommands for "*":0
442.020  000.083  000.083: require('heirline.utils')
442.091  000.068  000.068: require('heirline.highlights')
442.097  000.266  000.115: require('heirline.statusline')
442.101  000.541  000.275: require('heirline')
442.583  000.074  000.074: require('utility.line')
442.887  000.008  000.008: sourcing nvim_exec2() called at UIEnter Autocommands for "*":0
442.927  000.002  000.002: sourcing nvim_exec2() called at UIEnter Autocommands for "*":0
444.783  001.835  001.835: require('mini.icons')
445.121  002.527  000.682: require('mini.icons')
445.150  003.047  000.446: require('config.plugin-heirline')
445.836  000.310  000.310: require('config.highlight')
446.456  000.950  000.639: sourcing nvim_exec2() called at UIEnter Autocommands for "*":0
446.488  000.918: UIEnter autocommands
447.126  000.431  000.431: sourcing /data/data/com.termux/files/usr/share/nvim/runtime/autoload/provider/clipboard.vim
447.134  000.215: before starting main loop
448.852  001.718: first screen update
448.856  000.004: --- NVIM STARTED ---

--- Startup times for process: Embedded ---

times in msec
 clock   self+sourced   self:  sourced script
 clock   elapsed:              other lines

000.007  000.007: --- NVIM STARTING ---
000.151  000.144: event init
000.323  000.172: early init
000.330  000.006: locale set
000.410  000.081: init first window
001.080  000.670: inits 1
001.151  000.071: window checked
001.156  000.006: parsing arguments
002.902  000.931  000.931: require('vim._core.shared')
004.263  000.006  000.006: require('string.buffer')
004.301  000.382  000.376: require('vim.inspect')
004.849  000.508  000.508: require('vim._core.options')
004.853  001.945  001.055: require('vim._core.editor')
005.294  000.439  000.439: require('vim._core.system')
005.299  003.475  000.159: require('vim._init_packages')
005.302  000.671: init lua interpreter
005.762  000.460: expanding arguments
005.805  000.043: inits 2
006.163  000.358: init highlight
006.165  000.002: waiting for UI
056.675  050.510: done waiting for UI
056.690  000.015: clear screen
058.177  000.095  000.095: require('vim.keymap')
059.462  000.456  000.456: sourcing nvim_exec2()
059.581  000.060  000.060: require('vim._core.log')
067.608  010.900  010.290: require('vim._core.defaults')
067.618  000.028: init default mappings & autocommands
068.324  000.097  000.097: sourcing /data/data/com.termux/files/usr/share/nvim/runtime/ftplugin.vim
068.455  000.040  000.040: sourcing /data/data/com.termux/files/usr/share/nvim/runtime/indent.vim
068.551  000.039  000.039: sourcing $VIM/sysinit.vim
070.014  000.608  000.608: require('vim.fs')
070.763  000.742  000.742: require('vim.uri')
070.821  002.149  000.799: require('vim.loader')
072.888  001.527  001.527: require('config.options')
073.425  000.530  000.530: require('lazy')
073.850  000.146  000.146: require('utility.highlight')
073.861  000.343  000.197: require('config.colorscheme')
073.863  000.432  000.089: require('utility.colorscheme')
073.916  000.022  000.022: require('ffi')
074.015  000.093  000.093: require('lazy.stats')
074.283  000.228  000.228: require('lazy.core.util')
074.474  000.186  000.186: require('lazy.core.config')
074.914  000.291  000.291: require('lazy.core.handler')
075.502  000.168  000.168: require('lazy.pkg')
075.512  000.366  000.198: require('lazy.core.meta')
075.525  000.606  000.240: require('lazy.core.plugin')
075.535  001.058  000.160: require('lazy.core.loader')
076.158  000.117  000.117: require('lazy.core.fragments')
078.230  000.124  000.124: require('config.icons')
082.223  000.158  000.158: require('vim.F')
082.633  000.935  000.777: require('vim.diagnostic')
086.920  000.114  000.114: require('lazy.core.handler.keys')
087.047  000.064  000.064: require('lazy.core.handler.event')
087.050  000.121  000.056: require('lazy.core.handler.ft')
087.102  000.049  000.049: require('lazy.core.handler.cmd')
088.816  000.074  000.074: require('multicursor-nvim.feedkeys-manager')
089.169  000.078  000.078: require('multicursor-nvim.term-codes')
089.279  000.105  000.105: require('multicursor-nvim.tbl')
089.408  000.127  000.127: require('multicursor-nvim.util')
089.525  000.114  000.114: require('multicursor-nvim.langmap')
089.565  000.745  000.320: require('multicursor-nvim.cursor-manager')
089.751  000.084  000.084: require('multicursor-nvim.keymap-manager')
089.821  000.068  000.068: require('multicursor-nvim.snippet-manager')
090.023  000.456  000.304: require('multicursor-nvim.input-manager')
090.028  001.384  000.109: require('multicursor-nvim.core')
090.284  000.061  000.061: sourcing nvim_exec2() called at /data/data/com.termux/files/home/.config/nvim/init.lua:0
090.301  000.271  000.210: require('multicursor-nvim.examples')
090.347  002.688  001.033: require('multicursor-nvim')
091.338  000.008  000.008: sourcing nvim_exec2() called at /data/data/com.termux/files/home/.config/nvim/init.lua:0
091.362  000.002  000.002: sourcing nvim_exec2() called at /data/data/com.termux/files/home/.config/nvim/init.lua:0
092.073  000.003  000.003: sourcing nvim_exec2() called at /data/data/com.termux/files/home/.config/nvim/init.lua:0
092.095  000.002  000.002: sourcing nvim_exec2() called at /data/data/com.termux/files/home/.config/nvim/init.lua:0
092.416  000.003  000.003: sourcing nvim_exec2() called at /data/data/com.termux/files/home/.config/nvim/init.lua:0
092.433  000.002  000.002: sourcing nvim_exec2() called at /data/data/com.termux/files/home/.config/nvim/init.lua:0
093.772  000.079  000.079: sourcing nvim_exec2() called at /data/data/com.termux/files/usr/share/nvim/runtime/filetype.lua:0
093.776  000.202  000.123: sourcing /data/data/com.termux/files/usr/share/nvim/runtime/filetype.lua
093.781  000.298  000.096: sourcing nvim_exec2() called at /data/data/com.termux/files/home/.config/nvim/init.lua:0
094.003  000.004  000.004: sourcing nvim_exec2() called at /data/data/com.termux/files/home/.config/nvim/init.lua:0
094.022  000.002  000.002: sourcing nvim_exec2() called at /data/data/com.termux/files/home/.config/nvim/init.lua:0
094.453  000.419  000.419: require('mini.notify')
095.047  000.006  000.006: sourcing nvim_exec2() called at /data/data/com.termux/files/home/.config/nvim/init.lua:0
095.061  000.002  000.002: sourcing nvim_exec2() called at /data/data/com.termux/files/home/.config/nvim/init.lua:0
096.420  000.745  000.745: require('vim.lsp.protocol')
096.466  000.934  000.189: require('vim.lsp.log')
097.264  000.792  000.792: require('vim.lsp.util')
097.494  000.056  000.056: require('vim.lsp.sync')
097.501  000.227  000.171: require('vim.lsp._changetracking')
097.639  000.061  000.061: require('vim.lsp._transport')
097.725  000.084  000.084: require('vim._core.stringbuffer')
097.776  000.273  000.127: require('vim.lsp.rpc')
097.857  002.591  000.365: require('vim.lsp')
098.083  000.223  000.223: require('vim.lsp._snippet_grammar')
098.096  002.991  000.177: require('vim.snippet')
098.459  000.062  000.062: sourcing /data/data/com.termux/files/usr/share/nvim/runtime/plugin/editorconfig.lua
098.466  000.140  000.078: sourcing nvim_exec2() called at /data/data/com.termux/files/home/.config/nvim/init.lua:0
099.198  000.691  000.691: sourcing /data/data/com.termux/files/usr/share/nvim/runtime/plugin/fzf.vim
099.203  000.729  000.037: sourcing nvim_exec2() called at /data/data/com.termux/files/home/.config/nvim/init.lua:0
099.340  000.066  000.066: sourcing /data/data/com.termux/files/usr/share/nvim/runtime/plugin/man.lua
099.344  000.131  000.066: sourcing nvim_exec2() called at /data/data/com.termux/files/home/.config/nvim/init.lua:0
099.450  000.072  000.072: sourcing /data/data/com.termux/files/usr/share/nvim/runtime/plugin/net.lua
099.454  000.103  000.032: sourcing nvim_exec2() called at /data/data/com.termux/files/home/.config/nvim/init.lua:0
099.532  000.047  000.047: sourcing /data/data/com.termux/files/usr/share/nvim/runtime/plugin/osc52.lua
099.535  000.076  000.029: sourcing nvim_exec2() called at /data/data/com.termux/files/home/.config/nvim/init.lua:0
099.642  000.078  000.078: sourcing /data/data/com.termux/files/usr/share/nvim/runtime/plugin/shada.lua
099.646  000.105  000.028: sourcing nvim_exec2() called at /data/data/com.termux/files/home/.config/nvim/init.lua:0
099.722  000.042  000.042: sourcing /data/data/com.termux/files/usr/share/nvim/runtime/plugin/spellfile.lua
099.725  000.075  000.033: sourcing nvim_exec2() called at /data/data/com.termux/files/home/.config/nvim/init.lua:0
099.960  000.103  000.103: require('config.usercmds')
100.048  000.085  000.085: require('config.autocmds')
100.180  000.044  000.044: require('utility.lazy')
100.506  000.455  000.411: require('config.keymaps')
100.508  029.660  015.695: require('config.lazy')
100.772  000.262  000.262: require('vim._core.ui2')
100.921  000.086  000.086: require('vim._core.ui2.cmdline')
101.168  000.245  000.245: require('vim._core.ui2.messages')
101.573  032.974  000.573: sourcing /data/data/com.termux/files/home/.config/nvim/init.lua
101.623  000.855: sourcing vimrc file(s)
101.911  000.055  000.055: sourcing /data/data/com.termux/files/usr/share/nvim/runtime/filetype.lua
102.167  000.084  000.084: sourcing /data/data/com.termux/files/usr/share/nvim/runtime/syntax/synload.vim
102.287  000.304  000.220: sourcing /data/data/com.termux/files/usr/share/nvim/runtime/syntax/syntax.vim
102.299  000.317: inits 3
105.022  002.723: reading ShaDa
105.083  000.060: opening buffers
105.126  000.043: BufEnter autocommands
105.129  000.003: editing files in windows
105.325  000.008  000.008: sourcing nvim_exec2() called at VimEnter Autocommands for "*":0
105.338  000.002  000.002: sourcing nvim_exec2() called at VimEnter Autocommands for "*":0
108.359  000.503  000.503: sourcing /data/data/com.termux/files/home/.local/share/nvim/lazy/gruvbox-material/autoload/gruvbox_material.vim
488.876  000.162  000.162: require('vim._core.util')
489.355  382.106  381.440: sourcing /data/data/com.termux/files/home/.local/share/nvim/lazy/gruvbox-material/colors/gruvbox-material.vim
490.176  000.010  000.010: sourcing nvim_exec2() called at VimEnter Autocommands for "*":0
490.199  000.003  000.003: sourcing nvim_exec2() called at VimEnter Autocommands for "*":0
490.906  000.116  000.116: require('persistence.config')
490.916  000.589  000.473: require('persistence')
491.062  000.008  000.008: sourcing nvim_exec2() called at VimEnter Autocommands for "*":0
491.099  000.003  000.003: sourcing nvim_exec2() called at VimEnter Autocommands for "*":0
491.346  000.231  000.231: require('alpha.themes.dashboard')
491.413  000.050  000.050: sourcing nvim_exec2() called at VimEnter Autocommands for "*":0
491.427  000.004  000.004: sourcing nvim_exec2() called at VimEnter Autocommands for "*":0
491.440  000.003  000.003: sourcing nvim_exec2() called at VimEnter Autocommands for "*":0
491.450  000.003  000.003: sourcing nvim_exec2() called at VimEnter Autocommands for "*":0
491.459  000.003  000.003: sourcing nvim_exec2() called at VimEnter Autocommands for "*":0
491.469  000.003  000.003: sourcing nvim_exec2() called at VimEnter Autocommands for "*":0
491.511  000.004  000.004: sourcing nvim_exec2() called at VimEnter Autocommands for "*":0
491.523  000.003  000.003: sourcing nvim_exec2() called at VimEnter Autocommands for "*":0
491.796  000.252  000.252: require('alpha')
495.107  000.181  000.181: require('vim.version')
497.984  009.389: VimEnter autocommands
498.446  000.085  000.085: sourcing /data/data/com.termux/files/home/.local/share/nvim/lazy/tiny-cmdline.nvim/plugin/tiny-cmdline.lua
498.457  000.188  000.103: sourcing nvim_exec2() called at UIEnter Autocommands for "*":0
498.471  000.006  000.006: sourcing nvim_exec2() called at UIEnter Autocommands for "*":0
498.493  000.003  000.003: sourcing nvim_exec2() called at UIEnter Autocommands for "*":0
499.355  000.834  000.834: require('tiny-cmdline')
499.710  000.007  000.007: sourcing nvim_exec2() called at UIEnter Autocommands for "*":0
499.732  000.003  000.003: sourcing nvim_exec2() called at UIEnter Autocommands for "*":0
500.943  000.117  000.117: require('heirline.utils')
501.106  000.106  000.106: require('heirline.highlights')
501.115  000.411  000.188: require('heirline.statusline')
501.129  001.382  000.971: require('heirline')
501.377  000.082  000.082: require('utility.line')
503.501  000.010  000.010: sourcing nvim_exec2() called at UIEnter Autocommands for "*":0
503.522  000.003  000.003: sourcing nvim_exec2() called at UIEnter Autocommands for "*":0
505.634  002.057  002.057: require('mini.icons')
506.011  004.630  002.560: require('mini.icons')
506.046  004.916  000.204: require('config.plugin-heirline')
506.886  000.427  000.427: require('config.highlight')
507.693  001.263  000.836: sourcing nvim_exec2() called at UIEnter Autocommands for "*":0
507.717  001.131: UIEnter autocommands
508.506  000.537  000.537: sourcing /data/data/com.termux/files/usr/share/nvim/runtime/autoload/provider/clipboard.vim
508.518  000.264: before starting main loop
510.249  001.731: first screen update
510.252  000.003: --- NVIM STARTED ---

--- Startup times for process: Embedded ---

times in msec
 clock   self+sourced   self:  sourced script
 clock   elapsed:              other lines

000.001  000.001: --- NVIM STARTING ---
000.147  000.146: event init
000.294  000.147: early init
000.301  000.007: locale set
000.385  000.085: init first window
000.985  000.599: inits 1
001.122  000.138: window checked
001.127  000.005: parsing arguments
002.847  000.922  000.922: require('vim._core.shared')
004.227  000.007  000.007: require('string.buffer')
004.282  000.402  000.395: require('vim.inspect')
004.810  000.496  000.496: require('vim._core.options')
004.815  001.962  001.064: require('vim._core.editor')
005.108  000.292  000.292: require('vim._core.system')
005.111  003.319  000.144: require('vim._init_packages')
005.114  000.668: init lua interpreter
005.499  000.385: expanding arguments
005.552  000.053: inits 2
005.906  000.353: init highlight
005.908  000.002: waiting for UI
051.179  045.271: done waiting for UI
051.191  000.012: clear screen
052.520  000.084  000.084: require('vim.keymap')
053.596  000.183  000.183: sourcing nvim_exec2()
053.697  000.057  000.057: require('vim._core.log')
056.855  005.650  005.326: require('vim._core.defaults')
056.865  000.024: init default mappings & autocommands
057.638  000.103  000.103: sourcing /data/data/com.termux/files/usr/share/nvim/runtime/ftplugin.vim
057.772  000.045  000.045: sourcing /data/data/com.termux/files/usr/share/nvim/runtime/indent.vim
057.881  000.046  000.046: sourcing $VIM/sysinit.vim
059.275  000.671  000.671: require('vim.fs')
060.219  000.934  000.934: require('vim.uri')
060.309  002.295  000.690: require('vim.loader')
062.982  001.931  001.931: require('config.options')
063.722  000.729  000.729: require('lazy')
064.215  000.156  000.156: require('utility.highlight')
064.232  000.375  000.219: require('config.colorscheme')
064.234  000.502  000.127: require('utility.colorscheme')
064.305  000.026  000.026: require('ffi')
064.418  000.105  000.105: require('lazy.stats')
064.752  000.288  000.288: require('lazy.core.util')
065.002  000.245  000.245: require('lazy.core.config')
065.487  000.226  000.226: require('lazy.core.handler')
066.056  000.171  000.171: require('lazy.pkg')
066.066  000.365  000.194: require('lazy.core.meta')
066.076  000.585  000.220: require('lazy.core.plugin')
066.088  001.082  000.271: require('lazy.core.loader')
067.627  000.304  000.304: require('lazy.core.fragments')
071.137  000.278  000.278: require('config.icons')
074.896  000.187  000.187: require('vim.F')
075.428  001.087  000.900: require('vim.diagnostic')
078.816  000.214  000.214: require('lazy.core.handler.event')
078.910  000.085  000.085: require('lazy.core.handler.ft')
078.999  000.084  000.084: require('lazy.core.handler.keys')
079.408  000.404  000.404: require('lazy.core.handler.cmd')
079.594  000.020  000.020: sourcing nvim_exec2() called at /data/data/com.termux/files/home/.config/nvim/init.lua:0
079.634  000.002  000.002: sourcing nvim_exec2() called at /data/data/com.termux/files/home/.config/nvim/init.lua:0
079.752  000.003  000.003: sourcing nvim_exec2() called at /data/data/com.termux/files/home/.config/nvim/init.lua:0
079.779  000.002  000.002: sourcing nvim_exec2() called at /data/data/com.termux/files/home/.config/nvim/init.lua:0
083.420  000.100  000.100: require('multicursor-nvim.feedkeys-manager')
083.800  000.107  000.107: require('multicursor-nvim.term-codes')
083.916  000.113  000.113: require('multicursor-nvim.tbl')
084.045  000.126  000.126: require('multicursor-nvim.util')
084.168  000.121  000.121: require('multicursor-nvim.langmap')
084.218  000.792  000.325: require('multicursor-nvim.cursor-manager')
084.463  000.114  000.114: require('multicursor-nvim.keymap-manager')
084.571  000.105  000.105: require('multicursor-nvim.snippet-manager')
084.638  000.419  000.199: require('multicursor-nvim.input-manager')
084.644  001.515  000.205: require('multicursor-nvim.core')
084.928  000.053  000.053: sourcing nvim_exec2() called at /data/data/com.termux/files/home/.config/nvim/init.lua:0
084.979  000.333  000.281: require('multicursor-nvim.examples')
085.032  003.983  002.134: require('multicursor-nvim')
085.521  000.006  000.006: sourcing nvim_exec2() called at /data/data/com.termux/files/home/.config/nvim/init.lua:0
085.557  000.002  000.002: sourcing nvim_exec2() called at /data/data/com.termux/files/home/.config/nvim/init.lua:0
086.492  000.108  000.108: sourcing nvim_exec2() called at /data/data/com.termux/files/usr/share/nvim/runtime/filetype.lua:0
086.496  000.203  000.095: sourcing /data/data/com.termux/files/usr/share/nvim/runtime/filetype.lua
086.500  000.281  000.078: sourcing nvim_exec2() called at /data/data/com.termux/files/home/.config/nvim/init.lua:0
086.758  000.004  000.004: sourcing nvim_exec2() called at /data/data/com.termux/files/home/.config/nvim/init.lua:0
086.774  000.002  000.002: sourcing nvim_exec2() called at /data/data/com.termux/files/home/.config/nvim/init.lua:0
090.606  003.828  003.828: require('gruvbox')
094.451  000.279  000.279: require('vim.version')
099.101  006.466  006.187: sourcing /data/data/com.termux/files/home/.local/share/nvim/lazy/gruvbox/colors/gruvbox.lua
099.530  000.016  000.016: sourcing nvim_exec2() called at /data/data/com.termux/files/home/.config/nvim/init.lua:0
099.547  000.002  000.002: sourcing nvim_exec2() called at /data/data/com.termux/files/home/.config/nvim/init.lua:0
100.003  000.440  000.440: require('mini.notify')
100.593  000.015  000.015: sourcing nvim_exec2() called at /data/data/com.termux/files/home/.config/nvim/init.lua:0
100.609  000.002  000.002: sourcing nvim_exec2() called at /data/data/com.termux/files/home/.config/nvim/init.lua:0
101.758  000.585  000.585: require('vim.lsp.protocol')
101.808  000.741  000.156: require('vim.lsp.log')
102.061  000.248  000.248: require('vim.lsp.util')
102.231  000.085  000.085: require('vim.lsp.sync')
102.238  000.173  000.088: require('vim.lsp._changetracking')
102.444  000.073  000.073: require('vim.lsp._transport')
102.800  000.353  000.353: require('vim._core.stringbuffer')
102.848  000.608  000.182: require('vim.lsp.rpc')
102.913  002.047  000.277: require('vim.lsp')
103.203  000.286  000.286: require('vim.lsp._snippet_grammar')
103.222  002.578  000.245: require('vim.snippet')
103.715  000.066  000.066: sourcing /data/data/com.termux/files/usr/share/nvim/runtime/plugin/editorconfig.lua
103.722  000.143  000.077: sourcing nvim_exec2() called at /data/data/com.termux/files/home/.config/nvim/init.lua:0
104.444  000.674  000.674: sourcing /data/data/com.termux/files/usr/share/nvim/runtime/plugin/fzf.vim
104.452  000.722  000.048: sourcing nvim_exec2() called at /data/data/com.termux/files/home/.config/nvim/init.lua:0
104.579  000.076  000.076: sourcing /data/data/com.termux/files/usr/share/nvim/runtime/plugin/man.lua
104.584  000.120  000.044: sourcing nvim_exec2() called at /data/data/com.termux/files/home/.config/nvim/init.lua:0
104.694  000.078  000.078: sourcing /data/data/com.termux/files/usr/share/nvim/runtime/plugin/net.lua
104.697  000.107  000.029: sourcing nvim_exec2() called at /data/data/com.termux/files/home/.config/nvim/init.lua:0
104.779  000.052  000.052: sourcing /data/data/com.termux/files/usr/share/nvim/runtime/plugin/osc52.lua
104.782  000.078  000.026: sourcing nvim_exec2() called at /data/data/com.termux/files/home/.config/nvim/init.lua:0
104.889  000.078  000.078: sourcing /data/data/com.termux/files/usr/share/nvim/runtime/plugin/shada.lua
104.892  000.106  000.027: sourcing nvim_exec2() called at /data/data/com.termux/files/home/.config/nvim/init.lua:0
104.997  000.069  000.069: sourcing /data/data/com.termux/files/usr/share/nvim/runtime/plugin/spellfile.lua
105.001  000.104  000.035: sourcing nvim_exec2() called at /data/data/com.termux/files/home/.config/nvim/init.lua:0
105.200  000.075  000.075: require('config.usercmds')
105.270  000.067  000.067: require('config.autocmds')
105.397  000.038  000.038: require('utility.lazy')
105.739  000.467  000.429: require('config.keymaps')
105.741  045.342  018.338: require('config.lazy')
105.994  000.252  000.252: require('vim._core.ui2')
106.169  000.089  000.089: require('vim._core.ui2.cmdline')
106.302  000.130  000.130: require('vim._core.ui2.messages')
106.380  048.454  000.346: sourcing /data/data/com.termux/files/home/.config/nvim/init.lua
106.402  000.890: sourcing vimrc file(s)
106.742  000.080  000.080: sourcing /data/data/com.termux/files/usr/share/nvim/runtime/filetype.lua
107.002  000.079  000.079: sourcing /data/data/com.termux/files/usr/share/nvim/runtime/syntax/synload.vim
107.111  000.296  000.216: sourcing /data/data/com.termux/files/usr/share/nvim/runtime/syntax/syntax.vim
107.123  000.346: inits 3
109.609  002.486: reading ShaDa
109.652  000.043: opening buffers
109.700  000.048: BufEnter autocommands
109.703  000.003: editing files in windows
110.201  000.009  000.009: sourcing nvim_exec2() called at VimEnter Autocommands for "*":0
110.216  000.002  000.002: sourcing nvim_exec2() called at VimEnter Autocommands for "*":0
110.638  000.070  000.070: require('persistence.config')
110.644  000.310  000.240: require('persistence')
110.710  000.006  000.006: sourcing nvim_exec2() called at VimEnter Autocommands for "*":0
110.724  000.002  000.002: sourcing nvim_exec2() called at VimEnter Autocommands for "*":0
110.894  000.161  000.161: require('alpha.themes.dashboard')
110.992  000.057  000.057: sourcing nvim_exec2() called at VimEnter Autocommands for "*":0
111.001  000.003  000.003: sourcing nvim_exec2() called at VimEnter Autocommands for "*":0
111.052  000.043  000.043: sourcing nvim_exec2() called at VimEnter Autocommands for "*":0
111.060  000.002  000.002: sourcing nvim_exec2() called at VimEnter Autocommands for "*":0
111.065  000.002  000.002: sourcing nvim_exec2() called at VimEnter Autocommands for "*":0
111.071  000.002  000.002: sourcing nvim_exec2() called at VimEnter Autocommands for "*":0
111.084  000.002  000.002: sourcing nvim_exec2() called at VimEnter Autocommands for "*":0
111.104  000.002  000.002: sourcing nvim_exec2() called at VimEnter Autocommands for "*":0
111.358  000.239  000.239: require('alpha')
119.560  009.017: VimEnter autocommands
120.229  000.141  000.141: sourcing /data/data/com.termux/files/home/.local/share/nvim/lazy/tiny-cmdline.nvim/plugin/tiny-cmdline.lua
120.242  000.265  000.124: sourcing nvim_exec2() called at UIEnter Autocommands for "*":0
120.260  000.007  000.007: sourcing nvim_exec2() called at UIEnter Autocommands for "*":0
120.302  000.003  000.003: sourcing nvim_exec2() called at UIEnter Autocommands for "*":0
120.791  000.455  000.455: require('tiny-cmdline')
121.132  000.007  000.007: sourcing nvim_exec2() called at UIEnter Autocommands for "*":0
121.157  000.003  000.003: sourcing nvim_exec2() called at UIEnter Autocommands for "*":0
122.100  000.235  000.235: require('heirline.utils')
122.247  000.141  000.141: require('heirline.highlights')
122.263  000.584  000.208: require('heirline.statusline')
122.270  001.093  000.510: require('heirline')
122.604  000.167  000.167: require('utility.line')
123.225  000.009  000.009: sourcing nvim_exec2() called at UIEnter Autocommands for "*":0
123.252  000.003  000.003: sourcing nvim_exec2() called at UIEnter Autocommands for "*":0
128.204  004.918  004.918: require('mini.icons')
128.407  005.799  000.869: require('mini.icons')
128.433  006.160  000.194: require('config.plugin-heirline')
129.194  000.339  000.339: require('config.highlight')
129.944  001.116  000.777: sourcing nvim_exec2() called at UIEnter Autocommands for "*":0
129.969  001.299: UIEnter autocommands
132.737  002.502  002.502: sourcing /data/data/com.termux/files/usr/share/nvim/runtime/autoload/provider/clipboard.vim
132.755  000.285: before starting main loop
134.031  001.276: first screen update
134.044  000.013: --- NVIM STARTED ---

--- Startup times for process: Embedded ---

times in msec
 clock   self+sourced   self:  sourced script
 clock   elapsed:              other lines

000.007  000.007: --- NVIM STARTING ---
000.145  000.138: event init
000.278  000.133: early init
000.285  000.006: locale set
000.364  000.079: init first window
000.920  000.557: inits 1
000.986  000.065: window checked
000.996  000.010: parsing arguments
002.795  000.912  000.912: require('vim._core.shared')
004.182  000.008  000.008: require('string.buffer')
004.238  000.416  000.408: require('vim.inspect')
004.779  000.507  000.507: require('vim._core.options')
004.783  001.981  001.057: require('vim._core.editor')
005.093  000.308  000.308: require('vim._core.system')
005.096  003.356  000.155: require('vim._init_packages')
005.101  000.749: init lua interpreter
005.462  000.362: expanding arguments
005.542  000.079: inits 2
005.937  000.395: init highlight
005.939  000.002: waiting for UI
096.773  090.834: done waiting for UI
096.791  000.019: clear screen
098.749  000.128  000.128: require('vim.keymap')
100.271  000.256  000.256: sourcing nvim_exec2()
100.399  000.072  000.072: require('vim._core.log')
104.617  007.808  007.351: require('vim._core.defaults')
104.626  000.027: init default mappings & autocommands
106.444  001.160  001.160: sourcing /data/data/com.termux/files/usr/share/nvim/runtime/ftplugin.vim
106.944  000.326  000.326: sourcing /data/data/com.termux/files/usr/share/nvim/runtime/indent.vim
107.344  000.292  000.292: sourcing $VIM/sysinit.vim
108.880  000.504  000.504: require('vim.fs')
110.421  001.531  001.531: require('vim.uri')
110.518  002.643  000.608: require('vim.loader')
113.918  002.282  002.282: require('config.options')
115.082  001.154  001.154: require('lazy')
117.052  000.448  000.448: require('utility.highlight')
117.069  001.567  001.119: require('config.colorscheme')
117.071  001.981  000.414: require('utility.colorscheme')
117.136  000.027  000.027: require('ffi')
117.865  000.721  000.721: require('lazy.stats')
118.802  000.886  000.886: require('lazy.core.util')
119.504  000.695  000.695: require('lazy.core.config')
121.274  000.912  000.912: require('lazy.core.handler')
123.367  000.792  000.792: require('lazy.pkg')
123.383  001.446  000.654: require('lazy.core.meta')
123.396  002.115  000.670: require('lazy.core.plugin')
123.411  003.902  000.875: require('lazy.core.loader')
125.763  000.904  000.904: require('lazy.core.fragments')
129.997  000.265  000.265: require('config.icons')
139.896  000.201  000.201: require('vim.F')
140.407  001.562  001.361: require('vim.diagnostic')
144.861  000.477  000.477: require('lazy.core.handler.event')
144.872  001.036  000.559: require('lazy.core.handler.ft')
145.318  000.442  000.442: require('lazy.core.handler.keys')
145.799  000.471  000.471: require('lazy.core.handler.cmd')
148.710  000.522  000.522: require('multicursor-nvim.feedkeys-manager')
150.254  000.641  000.641: require('multicursor-nvim.term-codes')
150.714  000.453  000.453: require('multicursor-nvim.tbl')
151.176  000.455  000.455: require('multicursor-nvim.util')
151.743  000.559  000.559: require('multicursor-nvim.langmap')
151.830  003.112  001.003: require('multicursor-nvim.cursor-manager')
152.875  000.460  000.460: require('multicursor-nvim.keymap-manager')
153.383  000.502  000.502: require('multicursor-nvim.snippet-manager')
153.470  001.637  000.675: require('multicursor-nvim.input-manager')
153.506  005.832  000.562: require('multicursor-nvim.core')
154.396  000.061  000.061: sourcing nvim_exec2() called at /data/data/com.termux/files/home/.config/nvim/init.lua:0
154.422  000.913  000.852: require('multicursor-nvim.examples')
154.484  008.507  001.763: require('multicursor-nvim')
155.431  000.019  000.019: sourcing nvim_exec2() called at /data/data/com.termux/files/home/.config/nvim/init.lua:0
155.479  000.005  000.005: sourcing nvim_exec2() called at /data/data/com.termux/files/home/.config/nvim/init.lua:0
156.271  000.012  000.012: sourcing nvim_exec2() called at /data/data/com.termux/files/home/.config/nvim/init.lua:0
156.320  000.005  000.005: sourcing nvim_exec2() called at /data/data/com.termux/files/home/.config/nvim/init.lua:0
157.005  000.009  000.009: sourcing nvim_exec2() called at /data/data/com.termux/files/home/.config/nvim/init.lua:0
157.078  000.005  000.005: sourcing nvim_exec2() called at /data/data/com.termux/files/home/.config/nvim/init.lua:0
158.978  000.132  000.132: sourcing nvim_exec2() called at /data/data/com.termux/files/usr/share/nvim/runtime/filetype.lua:0
158.986  000.422  000.290: sourcing /data/data/com.termux/files/usr/share/nvim/runtime/filetype.lua
158.993  000.812  000.389: sourcing nvim_exec2() called at /data/data/com.termux/files/home/.config/nvim/init.lua:0
159.282  000.007  000.007: sourcing nvim_exec2() called at /data/data/com.termux/files/home/.config/nvim/init.lua:0
159.305  000.003  000.003: sourcing nvim_exec2() called at /data/data/com.termux/files/home/.config/nvim/init.lua:0
161.592  000.632  000.632: require('tairiki.config')
161.600  002.289  001.657: require('tairiki')
163.380  001.322  001.322: require('tairiki.palette')
165.124  001.022  001.022: require('tairiki.util')
165.386  001.996  000.974: require('tairiki.palette.dimmed')
166.685  001.269  001.269: require('tairiki.groups')
167.266  000.551  000.551: require('tairiki.groups.neotest')
167.986  000.686  000.686: require('tairiki.groups.gitsigns')
168.640  000.642  000.642: require('tairiki.groups.diffview')
169.604  000.936  000.936: require('tairiki.groups.compile_mode')
170.559  000.899  000.899: require('tairiki.groups.semantic_tokens')
171.180  000.562  000.562: require('tairiki.groups.dashboard')
171.709  000.511  000.511: require('tairiki.groups.cmp')
172.278  000.563  000.563: require('tairiki.groups.kinds')
172.868  000.546  000.546: require('tairiki.groups.treesitter')
173.651  000.657  000.657: require('tairiki.groups.blink')
174.594  000.844  000.844: require('tairiki.groups.vim_syntax')
175.635  001.001  001.001: require('tairiki.groups.neotree')
176.461  000.811  000.811: require('tairiki.groups.hop')
177.176  000.695  000.695: require('tairiki.groups.gitgutter')
177.667  000.483  000.483: require('tairiki.groups.oil')
178.108  000.433  000.433: require('tairiki.groups.mini')
179.442  001.326  001.326: require('tairiki.groups.indent_blankline')
179.957  000.490  000.490: require('tairiki.groups.rainbow_delimiters')
180.261  000.294  000.294: require('tairiki.groups.barbar')
181.085  000.810  000.810: require('tairiki.groups.which_key')
181.444  000.299  000.299: require('tairiki.groups.fugitive')
182.011  000.548  000.548: require('tairiki.groups.nvim_tree')
182.507  000.452  000.452: require('tairiki.groups.treesitter_context')
183.572  001.057  001.057: require('tairiki.groups.neovim')
185.258  000.855  000.855: require('tairiki.groups.telescope')
187.396  000.020  000.020: sourcing nvim_exec2() called at /data/data/com.termux/files/home/.config/nvim/init.lua:0
187.422  000.003  000.003: sourcing nvim_exec2() called at /data/data/com.termux/files/home/.config/nvim/init.lua:0
188.640  000.637  000.637: require('vim.lsp.protocol')
188.702  000.811  000.174: require('vim.lsp.log')
189.003  000.294  000.294: require('vim.lsp.util')
189.215  000.091  000.091: require('vim.lsp.sync')
189.224  000.215  000.125: require('vim.lsp._changetracking')
189.452  000.106  000.106: require('vim.lsp._transport')
189.568  000.111  000.111: require('vim._core.stringbuffer')
189.640  000.413  000.196: require('vim.lsp.rpc')
189.750  002.082  000.348: require('vim.lsp')
190.103  000.348  000.348: require('vim.lsp._snippet_grammar')
190.127  002.644  000.214: require('vim.snippet')
190.540  000.017  000.017: sourcing nvim_exec2() called at /data/data/com.termux/files/home/.config/nvim/init.lua:0
190.565  000.003  000.003: sourcing nvim_exec2() called at /data/data/com.termux/files/home/.config/nvim/init.lua:0
191.096  000.490  000.490: require('mini.notify')
192.744  000.104  000.104: sourcing /data/data/com.termux/files/usr/share/nvim/runtime/plugin/editorconfig.lua
192.756  000.346  000.242: sourcing nvim_exec2() called at /data/data/com.termux/files/home/.config/nvim/init.lua:0
194.108  001.216  001.216: sourcing /data/data/com.termux/files/usr/share/nvim/runtime/plugin/fzf.vim
194.117  001.303  000.087: sourcing nvim_exec2() called at /data/data/com.termux/files/home/.config/nvim/init.lua:0
194.337  000.111  000.111: sourcing /data/data/com.termux/files/usr/share/nvim/runtime/plugin/man.lua
194.345  000.211  000.100: sourcing nvim_exec2() called at /data/data/com.termux/files/home/.config/nvim/init.lua:0
194.574  000.115  000.115: sourcing /data/data/com.termux/files/usr/share/nvim/runtime/plugin/net.lua
194.583  000.200  000.086: sourcing nvim_exec2() called at /data/data/com.termux/files/home/.config/nvim/init.lua:0
194.763  000.089  000.089: sourcing /data/data/com.termux/files/usr/share/nvim/runtime/plugin/osc52.lua
194.772  000.169  000.080: sourcing nvim_exec2() called at /data/data/com.termux/files/home/.config/nvim/init.lua:0
194.986  000.134  000.134: sourcing /data/data/com.termux/files/usr/share/nvim/runtime/plugin/shada.lua
194.995  000.214  000.080: sourcing nvim_exec2() called at /data/data/com.termux/files/home/.config/nvim/init.lua:0
195.158  000.080  000.080: sourcing /data/data/com.termux/files/usr/share/nvim/runtime/plugin/spellfile.lua
195.167  000.162  000.082: sourcing nvim_exec2() called at /data/data/com.termux/files/home/.config/nvim/init.lua:0
195.519  000.121  000.121: require('config.usercmds')
195.645  000.121  000.121: require('config.autocmds')
195.868  000.076  000.076: require('utility.lazy')
196.362  000.713  000.637: require('config.keymaps')
196.367  085.762  029.486: require('config.lazy')
196.694  000.324  000.324: require('vim._core.ui2')
196.957  000.180  000.180: require('vim._core.ui2.cmdline')
197.215  000.253  000.253: require('vim._core.ui2.messages')
197.326  089.938  000.776: sourcing /data/data/com.termux/files/home/.config/nvim/init.lua
197.353  001.010: sourcing vimrc file(s)
197.622  000.078  000.078: sourcing /data/data/com.termux/files/usr/share/nvim/runtime/filetype.lua
198.436  000.297  000.297: sourcing /data/data/com.termux/files/usr/share/nvim/runtime/syntax/synload.vim
198.555  000.813  000.516: sourcing /data/data/com.termux/files/usr/share/nvim/runtime/syntax/syntax.vim
198.572  000.328: inits 3
201.439  002.867: reading ShaDa
201.545  000.106: opening buffers
201.608  000.063: BufEnter autocommands
201.612  000.003: editing files in windows
202.300  000.012  000.012: sourcing nvim_exec2() called at VimEnter Autocommands for "*":0
202.326  000.003  000.003: sourcing nvim_exec2() called at VimEnter Autocommands for "*":0
203.294  000.115  000.115: require('persistence.config')
203.308  000.839  000.724: require('persistence')
203.399  000.009  000.009: sourcing nvim_exec2() called at VimEnter Autocommands for "*":0
203.438  000.004  000.004: sourcing nvim_exec2() called at VimEnter Autocommands for "*":0
204.009  000.537  000.537: require('alpha.themes.dashboard')
204.093  000.067  000.067: sourcing nvim_exec2() called at VimEnter Autocommands for "*":0
204.107  000.005  000.005: sourcing nvim_exec2() called at VimEnter Autocommands for "*":0
204.116  000.003  000.003: sourcing nvim_exec2() called at VimEnter Autocommands for "*":0
204.124  000.003  000.003: sourcing nvim_exec2() called at VimEnter Autocommands for "*":0
204.131  000.003  000.003: sourcing nvim_exec2() called at VimEnter Autocommands for "*":0
204.138  000.002  000.002: sourcing nvim_exec2() called at VimEnter Autocommands for "*":0
204.145  000.002  000.002: sourcing nvim_exec2() called at VimEnter Autocommands for "*":0
204.152  000.002  000.002: sourcing nvim_exec2() called at VimEnter Autocommands for "*":0
204.361  000.183  000.183: require('alpha')
208.642  001.049  001.049: require('vim.version')
211.678  007.344: VimEnter autocommands
211.974  000.013  000.013: sourcing nvim_exec2() called at UIEnter Autocommands for "*":0
212.004  000.003  000.003: sourcing nvim_exec2() called at UIEnter Autocommands for "*":0
213.122  000.237  000.237: require('heirline.utils')
213.302  000.174  000.174: require('heirline.highlights')
213.317  000.638  000.227: require('heirline.statusline')
213.327  001.303  000.665: require('heirline')
213.740  000.204  000.204: require('utility.line')
216.875  000.013  000.013: sourcing nvim_exec2() called at UIEnter Autocommands for "*":0
216.906  000.003  000.003: sourcing nvim_exec2() called at UIEnter Autocommands for "*":0
219.389  002.433  002.433: require('mini.icons')
219.709  005.956  003.507: require('mini.icons')
219.773  006.443  000.283: require('config.plugin-heirline')
221.578  000.626  000.626: sourcing /data/data/com.termux/files/home/.local/share/nvim/lazy/tiny-cmdline.nvim/plugin/tiny-cmdline.lua
221.597  000.817  000.191: sourcing nvim_exec2() called at UIEnter Autocommands for "*":0
221.623  000.009  000.009: sourcing nvim_exec2() called at UIEnter Autocommands for "*":0
221.681  000.005  000.005: sourcing nvim_exec2() called at UIEnter Autocommands for "*":0
222.678  000.925  000.925: require('tiny-cmdline')
223.900  000.974  000.974: require('config.highlight')
225.315  002.431  001.456: sourcing nvim_exec2() called at UIEnter Autocommands for "*":0
225.337  001.710: UIEnter autocommands
227.267  000.850  000.850: sourcing /data/data/com.termux/files/usr/share/nvim/runtime/autoload/provider/clipboard.vim
227.281  001.094: before starting main loop
229.036  001.755: first screen update
229.040  000.004: --- NVIM STARTED ---

--- Startup times for process: Embedded ---

times in msec
 clock   self+sourced   self:  sourced script
 clock   elapsed:              other lines

000.005  000.005: --- NVIM STARTING ---
000.130  000.125: event init
000.254  000.124: early init
000.261  000.006: locale set
000.327  000.066: init first window
000.831  000.504: inits 1
000.896  000.066: window checked
000.900  000.004: parsing arguments
002.586  000.916  000.916: require('vim._core.shared')
003.917  000.006  000.006: require('string.buffer')
003.968  000.387  000.381: require('vim.inspect')
004.505  000.504  000.504: require('vim._core.options')
004.509  001.916  001.025: require('vim._core.editor')
004.803  000.292  000.292: require('vim._core.system')
004.806  003.265  000.141: require('vim._init_packages')
004.809  000.644: init lua interpreter
005.496  000.687: expanding arguments
005.536  000.040: inits 2
005.859  000.323: init highlight
005.860  000.001: waiting for UI
055.744  049.883: done waiting for UI
055.757  000.014: clear screen
057.491  000.133  000.133: require('vim.keymap')
058.777  000.225  000.225: sourcing nvim_exec2()
058.901  000.072  000.072: require('vim._core.log')
068.431  012.660  012.230: require('vim._core.defaults')
068.440  000.023: init default mappings & autocommands
069.170  000.121  000.121: sourcing /data/data/com.termux/files/usr/share/nvim/runtime/ftplugin.vim
069.292  000.040  000.040: sourcing /data/data/com.termux/files/usr/share/nvim/runtime/indent.vim
069.391  000.039  000.039: sourcing $VIM/sysinit.vim
070.727  000.666  000.666: require('vim.fs')
071.524  000.787  000.787: require('vim.uri')
071.600  002.093  000.641: require('vim.loader')
073.562  001.392  001.392: require('config.options')
074.081  000.514  000.514: require('lazy')
074.743  000.123  000.123: require('utility.highlight')
074.755  000.357  000.235: require('config.colorscheme')
074.758  000.671  000.313: require('utility.colorscheme')
074.809  000.021  000.021: require('ffi')
074.952  000.136  000.136: require('lazy.stats')
075.169  000.174  000.174: require('lazy.core.util')
075.377  000.203  000.203: require('lazy.core.config')
075.856  000.296  000.296: require('lazy.core.handler')
076.602  000.352  000.352: require('lazy.pkg')
076.621  000.552  000.200: require('lazy.core.meta')
076.633  000.772  000.220: require('lazy.core.plugin')
076.645  001.264  000.196: require('lazy.core.loader')
078.005  000.171  000.171: require('lazy.core.fragments')
080.008  000.087  000.087: require('config.icons')
084.672  000.159  000.159: require('vim.F')
085.069  000.907  000.748: require('vim.diagnostic')
088.183  000.144  000.144: require('lazy.core.handler.keys')
088.304  000.112  000.112: require('lazy.core.handler.event')
088.401  000.091  000.091: require('lazy.core.handler.cmd')
088.484  000.079  000.079: require('lazy.core.handler.ft')
088.601  000.020  000.020: sourcing nvim_exec2() called at /data/data/com.termux/files/home/.config/nvim/init.lua:0
088.642  000.004  000.004: sourcing nvim_exec2() called at /data/data/com.termux/files/home/.config/nvim/init.lua:0
090.509  000.014  000.014: sourcing nvim_exec2() called at /data/data/com.termux/files/home/.config/nvim/init.lua:0
090.551  000.003  000.003: sourcing nvim_exec2() called at /data/data/com.termux/files/home/.config/nvim/init.lua:0
090.740  000.006  000.006: sourcing nvim_exec2() called at /data/data/com.termux/files/home/.config/nvim/init.lua:0
090.775  000.003  000.003: sourcing nvim_exec2() called at /data/data/com.termux/files/home/.config/nvim/init.lua:0
094.505  000.184  000.184: require('multicursor-nvim.feedkeys-manager')
095.164  000.262  000.262: require('multicursor-nvim.term-codes')
095.309  000.139  000.139: require('multicursor-nvim.tbl')
095.424  000.111  000.111: require('multicursor-nvim.util')
095.565  000.136  000.136: require('multicursor-nvim.langmap')
095.625  001.114  000.466: require('multicursor-nvim.cursor-manager')
095.895  000.102  000.102: require('multicursor-nvim.keymap-manager')
096.007  000.108  000.108: require('multicursor-nvim.snippet-manager')
096.079  000.452  000.242: require('multicursor-nvim.input-manager')
096.090  001.905  000.155: require('multicursor-nvim.core')
096.377  000.050  000.050: sourcing nvim_exec2() called at /data/data/com.termux/files/home/.config/nvim/init.lua:0
096.420  000.328  000.278: require('multicursor-nvim.examples')
096.476  005.205  002.972: require('multicursor-nvim')
097.718  000.137  000.137: sourcing nvim_exec2() called at /data/data/com.termux/files/usr/share/nvim/runtime/filetype.lua:0
097.725  000.283  000.146: sourcing /data/data/com.termux/files/usr/share/nvim/runtime/filetype.lua
097.732  000.387  000.105: sourcing nvim_exec2() called at /data/data/com.termux/files/home/.config/nvim/init.lua:0
097.981  000.007  000.007: sourcing nvim_exec2() called at /data/data/com.termux/files/home/.config/nvim/init.lua:0
098.006  000.003  000.003: sourcing nvim_exec2() called at /data/data/com.termux/files/home/.config/nvim/init.lua:0
098.526  000.188  000.188: require('tairiki.config')
098.532  000.517  000.330: require('tairiki')
099.003  000.217  000.217: require('tairiki.palette')
099.421  000.210  000.210: require('tairiki.util')
099.486  000.475  000.265: require('tairiki.palette.dimmed')
099.751  000.243  000.243: require('tairiki.groups')
099.920  000.154  000.154: require('tairiki.groups.oil')
100.059  000.133  000.133: require('tairiki.groups.barbar')
100.189  000.122  000.122: require('tairiki.groups.which_key')
100.428  000.227  000.227: require('tairiki.groups.cmp')
100.593  000.161  000.161: require('tairiki.groups.kinds')
100.837  000.131  000.131: require('tairiki.groups.nvim_tree')
100.992  000.117  000.117: require('tairiki.groups.treesitter_context')
101.157  000.159  000.159: require('tairiki.groups.hop')
101.308  000.136  000.136: require('tairiki.groups.neotree')
101.469  000.147  000.147: require('tairiki.groups.gitsigns')
101.633  000.156  000.156: require('tairiki.groups.diffview')
101.828  000.167  000.167: require('tairiki.groups.compile_mode')
101.959  000.111  000.111: require('tairiki.groups.rainbow_delimiters')
102.112  000.111  000.111: require('tairiki.groups.blink')
102.244  000.097  000.097: require('tairiki.groups.mini')
102.451  000.201  000.201: require('tairiki.groups.neovim')
102.807  000.144  000.144: require('tairiki.groups.semantic_tokens')
103.129  000.289  000.289: require('tairiki.groups.telescope')
103.386  000.252  000.252: require('tairiki.groups.neotest')
103.729  000.305  000.305: require('tairiki.groups.vim_syntax')
103.931  000.168  000.168: require('tairiki.groups.gitgutter')
104.161  000.224  000.224: require('tairiki.groups.fugitive')
104.559  000.367  000.367: require('tairiki.groups.indent_blankline')
104.826  000.225  000.225: require('tairiki.groups.dashboard')
105.054  000.208  000.208: require('tairiki.groups.treesitter')
106.497  000.020  000.020: sourcing nvim_exec2() called at /data/data/com.termux/files/home/.config/nvim/init.lua:0
106.521  000.003  000.003: sourcing nvim_exec2() called at /data/data/com.termux/files/home/.config/nvim/init.lua:0
107.038  000.500  000.500: require('mini.notify')
107.921  000.013  000.013: sourcing nvim_exec2() called at /data/data/com.termux/files/home/.config/nvim/init.lua:0
107.946  000.003  000.003: sourcing nvim_exec2() called at /data/data/com.termux/files/home/.config/nvim/init.lua:0
109.015  000.560  000.560: require('vim.lsp.protocol')
109.112  000.761  000.201: require('vim.lsp.log')
109.404  000.284  000.284: require('vim.lsp.util')
109.669  000.118  000.118: require('vim.lsp.sync')
109.677  000.268  000.150: require('vim.lsp._changetracking')
109.938  000.120  000.120: require('vim.lsp._transport')
110.035  000.093  000.093: require('vim._core.stringbuffer')
110.087  000.406  000.193: require('vim.lsp.rpc')
110.171  002.029  000.312: require('vim.lsp')
110.613  000.437  000.437: require('vim.lsp._snippet_grammar')
110.633  002.648  000.182: require('vim.snippet')
111.189  000.102  000.102: sourcing /data/data/com.termux/files/usr/share/nvim/runtime/plugin/editorconfig.lua
111.199  000.202  000.100: sourcing nvim_exec2() called at /data/data/com.termux/files/home/.config/nvim/init.lua:0
112.108  000.770  000.770: sourcing /data/data/com.termux/files/usr/share/nvim/runtime/plugin/fzf.vim
112.116  000.847  000.077: sourcing nvim_exec2() called at /data/data/com.termux/files/home/.config/nvim/init.lua:0
112.284  000.103  000.103: sourcing /data/data/com.termux/files/usr/share/nvim/runtime/plugin/man.lua
112.293  000.162  000.059: sourcing nvim_exec2() called at /data/data/com.termux/files/home/.config/nvim/init.lua:0
112.447  000.101  000.101: sourcing /data/data/com.termux/files/usr/share/nvim/runtime/plugin/net.lua
112.455  000.152  000.051: sourcing nvim_exec2() called at /data/data/com.termux/files/home/.config/nvim/init.lua:0
112.594  000.087  000.087: sourcing /data/data/com.termux/files/usr/share/nvim/runtime/plugin/osc52.lua
112.602  000.136  000.049: sourcing nvim_exec2() called at /data/data/com.termux/files/home/.config/nvim/init.lua:0
112.780  000.124  000.124: sourcing /data/data/com.termux/files/usr/share/nvim/runtime/plugin/shada.lua
112.788  000.177  000.053: sourcing nvim_exec2() called at /data/data/com.termux/files/home/.config/nvim/init.lua:0
112.930  000.075  000.075: sourcing /data/data/com.termux/files/usr/share/nvim/runtime/plugin/spellfile.lua
112.937  000.140  000.066: sourcing nvim_exec2() called at /data/data/com.termux/files/home/.config/nvim/init.lua:0
113.344  000.156  000.156: require('config.usercmds')
113.616  000.267  000.267: require('config.autocmds')
113.862  000.079  000.079: require('utility.lazy')
114.520  000.899  000.820: require('config.keymaps')
114.524  042.894  018.986: require('config.lazy')
114.853  000.326  000.326: require('vim._core.ui2')
115.085  000.165  000.165: require('vim._core.ui2.cmdline')
115.594  000.505  000.505: require('vim._core.ui2.messages')
115.730  046.296  000.313: sourcing /data/data/com.termux/files/home/.config/nvim/init.lua
115.757  000.821: sourcing vimrc file(s)
116.171  000.073  000.073: sourcing /data/data/com.termux/files/usr/share/nvim/runtime/filetype.lua
116.545  000.134  000.134: sourcing /data/data/com.termux/files/usr/share/nvim/runtime/syntax/synload.vim
116.665  000.389  000.255: sourcing /data/data/com.termux/files/usr/share/nvim/runtime/syntax/syntax.vim
116.683  000.464: inits 3
119.603  002.920: reading ShaDa
119.683  000.081: opening buffers
119.753  000.069: BufEnter autocommands
119.757  000.005: editing files in windows
120.578  000.016  000.016: sourcing nvim_exec2() called at VimEnter Autocommands for "*":0
120.603  000.003  000.003: sourcing nvim_exec2() called at VimEnter Autocommands for "*":0
121.843  000.168  000.168: require('persistence.config')
121.856  001.206  001.038: require('persistence')
122.036  000.016  000.016: sourcing nvim_exec2() called at VimEnter Autocommands for "*":0
122.095  000.005  000.005: sourcing nvim_exec2() called at VimEnter Autocommands for "*":0
122.305  000.178  000.178: require('alpha.themes.dashboard')
122.388  000.068  000.068: sourcing nvim_exec2() called at VimEnter Autocommands for "*":0
122.404  000.005  000.005: sourcing nvim_exec2() called at VimEnter Autocommands for "*":0
122.413  000.003  000.003: sourcing nvim_exec2() called at VimEnter Autocommands for "*":0
122.423  000.003  000.003: sourcing nvim_exec2() called at VimEnter Autocommands for "*":0
122.434  000.003  000.003: sourcing nvim_exec2() called at VimEnter Autocommands for "*":0
122.472  000.004  000.004: sourcing nvim_exec2() called at VimEnter Autocommands for "*":0
122.502  000.005  000.005: sourcing nvim_exec2() called at VimEnter Autocommands for "*":0
122.550  000.005  000.005: sourcing nvim_exec2() called at VimEnter Autocommands for "*":0
122.797  000.219  000.219: require('alpha')
126.362  000.161  000.161: require('vim.version')
129.535  007.878: VimEnter autocommands
129.867  000.010  000.010: sourcing nvim_exec2() called at UIEnter Autocommands for "*":0
129.898  000.003  000.003: sourcing nvim_exec2() called at UIEnter Autocommands for "*":0
130.824  000.270  000.270: require('heirline.utils')
130.998  000.168  000.168: require('heirline.highlights')
131.012  000.654  000.215: require('heirline.statusline')
131.019  001.074  000.421: require('heirline')
131.354  000.154  000.154: require('utility.line')
132.027  000.011  000.011: sourcing nvim_exec2() called at UIEnter Autocommands for "*":0
132.054  000.003  000.003: sourcing nvim_exec2() called at UIEnter Autocommands for "*":0
135.381  003.296  003.296: require('mini.icons')
135.946  004.587  001.278: require('mini.icons')
136.023  005.001  000.260: require('config.plugin-heirline')
137.564  000.236  000.236: sourcing /data/data/com.termux/files/home/.local/share/nvim/lazy/tiny-cmdline.nvim/plugin/tiny-cmdline.lua
137.580  000.377  000.141: sourcing nvim_exec2() called at UIEnter Autocommands for "*":0
137.604  000.011  000.011: sourcing nvim_exec2() called at UIEnter Autocommands for "*":0
137.667  000.004  000.004: sourcing nvim_exec2() called at UIEnter Autocommands for "*":0
138.698  000.971  000.971: require('tiny-cmdline')
139.072  000.231  000.231: require('config.highlight')
139.526  000.704  000.473: sourcing nvim_exec2() called at UIEnter Autocommands for "*":0
139.540  001.850: UIEnter autocommands
140.129  000.401  000.401: sourcing /data/data/com.termux/files/usr/share/nvim/runtime/autoload/provider/clipboard.vim
140.136  000.195: before starting main loop
141.359  001.223: first screen update
141.362  000.003: --- NVIM STARTED ---

